season,team,tp_SoS,off_pts,off_yds,off_plays,off_yds_per_play,off_turnovers,off_fumbles,off_penalties,off_penalty_yds,off_first_downs_by_penalty,off_score_pct,off_turnover_pct,off_exp,def_pa,def_yds_allowed,def_plays,def_yds_per_play,def_turnovers_forced,def_fumbles_forced,def_penalties,def_penalty_yds,def_first_downs_by_penalty,def_score_pct,def_turnover_pct,def_exp,off_pass_Cmp%,off_pass_TD%,off_pass_Int,off_pass_Int%,off_pass_Rate,off_pass_Sk,off_pass_Sk%,off_pass_ANY/A,off_rush_Att,off_rush_Yds,off_rush_TD,off_rush_Y/A,off_rush_EXP,def_pass_Cmp%,def_pass_TD%,def_pass_Int,def_pass_Int%,def_pass_Rate,def_pass_Sk,def_pass_QBHits,def_pass_TFL,def_pass_Sk%,def_pass_ANY/A,def_rush_Att,def_rush_Yds,def_rush_TD,def_rush_Y/A,def_rush_EXP,def_adv_Air,def_adv_YAC,def_adv_Prss,def_adv_MTkl,made_playoffs,score_pct_diff,pass_eff_diff,ypp_diff,turnover_margin,to_rate_diff,sack_rate_diff,rush_eff_diff,exp_diff_corr
2018,New England Patriots,-1.8,436,6295,1073,5.9,18,7,93,744,28,40.8,9.2,147.66,325,5746,1002,5.7,28,10,91,838,21,32.6,15.0,-17.25,65.9,5.1,11.0,1.9,97.8,21.0,3.5,7.3,478.0,2037.0,18.0,4.3,0.08,61.2,4.8,18.0,3.0,85.4,30,100,51,4.7,5.8,367,1803,7,4.9,3.17,2880,2075,154,73,1,8.199999999999996,1.5,0.20000000000000018,10,5.800000000000001,1.2000000000000002,-0.6000000000000005,164.91
2018,Miami Dolphins,-1.7,319,4638,878,5.3,23,10,108,978,24,28.3,12.5,-44.43,433,6257,1024,6.1,28,7,107,856,39,39.9,14.2,-127.44,64.2,5.7,13.0,2.9,93.0,52.0,10.3,5.6,371.0,1738.0,7.0,4.7,-17.41,65.9,6.1,21.0,4.1,94.1,31,76,66,5.8,6.7,485,2325,17,4.8,-9.04,2006,1905,146,119,0,-11.599999999999998,-1.1000000000000005,-0.7999999999999998,5,1.6999999999999993,-4.500000000000001,-0.09999999999999964,83.00999999999999
2018,Buffalo Bills,-0.3,269,4778,1008,4.7,32,9,116,992,38,26.4,15.5,-96.9,374,4706,968,4.9,27,11,99,976,25,33.3,14.3,16.95,54.3,2.6,23.0,4.6,62.6,41.0,7.6,3.7,468.0,1984.0,15.0,4.2,-3.41,63.6,4.5,16.0,3.3,82.6,36,87,88,6.8,4.9,440,1839,17,4.2,9.55,1553,1482,153,137,0,-6.899999999999999,-1.2000000000000002,-0.20000000000000018,-5,-1.1999999999999993,-0.7999999999999998,0.0,-113.85000000000001
2018,New York Jets,-1.1,333,4787,971,4.9,30,11,114,948,17,32.0,14.7,-97.61,441,6086,1061,5.7,20,7,95,817,38,39.1,9.9,-70.75,57.1,3.4,19.0,3.6,73.0,37.0,6.6,4.8,410.0,1622.0,11.0,4.0,-47.8,63.1,5.0,13.0,2.2,93.1,39,114,77,6.3,6.5,440,2021,16,4.6,-0.72,2356,1879,155,115,0,-7.100000000000001,-1.7000000000000002,-0.7999999999999998,-10,-4.799999999999999,-0.2999999999999998,-0.5999999999999996,-26.86
2018,Baltimore Ravens,0.6,389,5999,1135,5.3,20,11,116,940,30,40.7,10.7,81.02,287,4687,974,4.8,17,5,113,1017,30,29.1,9.5,30.09,60.1,3.2,9.0,1.6,84.0,32.0,5.4,6.0,547.0,2441.0,19.0,4.5,28.17,58.4,3.6,12.0,2.1,80.6,43,104,86,6.9,5.2,354,1327,11,3.7,30.34,2020,1684,184,105,1,11.600000000000001,0.7999999999999998,0.5,-3,-1.1999999999999993,1.5,0.7999999999999998,50.92999999999999
2018,Pittsburgh Steelers,1.3,428,6453,1058,6.1,26,9,111,1026,39,36.8,14.3,163.22,360,5235,987,5.3,15,7,136,1170,33,33.7,8.2,-69.27,66.6,5.1,17.0,2.5,95.5,24.0,3.4,6.9,345.0,1445.0,16.0,4.2,0.87,64.0,4.8,8.0,1.4,95.2,52,115,77,8.4,6.3,369,1538,13,4.2,3.45,2413,1560,175,80,0,3.0999999999999943,0.6000000000000005,0.7999999999999998,-11,-6.100000000000001,5.0,0.0,232.49
2018,Cleveland Browns,1.7,359,5900,1023,5.8,24,7,112,894,32,31.2,11.4,40.91,392,6288,1122,5.6,31,14,119,990,31,35.3,15.4,-51.25,61.5,5.1,17.0,3.0,88.8,38.0,6.2,6.2,411.0,1893.0,15.0,4.6,-7.34,62.8,3.4,17.0,2.7,83.4,37,90,78,5.6,5.7,459,2163,20,4.7,2.33,2202,1999,170,149,0,-4.099999999999998,0.5,0.20000000000000018,7,4.0,-0.6000000000000005,-0.10000000000000053,92.16
2018,Cincinnati Bengals,2.0,368,4972,938,5.3,17,4,114,957,30,35.5,9.6,48.79,455,6618,1084,6.1,18,6,113,944,26,46.3,10.2,-164.01,61.1,5.0,13.0,2.4,87.0,37.0,6.4,5.6,359.0,1682.0,13.0,4.7,-3.89,66.6,5.5,12.0,2.1,100.0,34,83,63,5.5,7.3,466,2204,17,4.7,-32.48,2428,2091,151,104,0,-10.799999999999997,-1.7000000000000002,-0.7999999999999998,1,0.5999999999999996,-0.9000000000000004,0.0,212.79999999999998
2018,Houston Texans,-1.5,402,5802,1040,5.6,16,7,105,787,37,40.3,8.1,88.42,316,5490,1022,5.4,29,14,117,945,22,31.6,13.9,16.79,68.2,5.1,9.0,1.8,102.9,62.0,10.9,6.9,472.0,2021.0,12.0,4.3,-13.78,64.8,4.7,15.0,2.5,92.7,43,92,80,6.8,6.4,385,1323,8,3.4,57.2,2558,2012,179,134,1,8.699999999999996,0.5,0.1999999999999993,13,5.800000000000001,-4.1000000000000005,0.8999999999999999,71.63
2018,Indianapolis Colts,-2.2,433,6179,1070,5.8,24,9,120,953,38,41.2,13.2,131.06,344,5435,997,5.5,26,11,131,1115,25,35.5,14.5,-25.82,67.1,6.1,15.0,2.3,98.2,18.0,2.7,6.9,408.0,1718.0,13.0,4.2,-14.36,70.8,3.9,15.0,2.8,93.5,38,77,91,6.6,6.1,417,1630,12,3.9,26.29,2181,2303,127,102,1,5.700000000000003,0.8000000000000007,0.2999999999999998,2,1.3000000000000007,3.8999999999999995,0.30000000000000027,156.88
2018,Tennessee Titans,-0.2,310,5002,940,5.3,18,6,82,727,27,34.9,10.2,5.76,303,5334,1001,5.3,17,6,120,984,18,33.1,9.9,-24.17,67.0,3.7,12.0,2.7,89.8,47.0,9.7,5.7,456.0,2027.0,15.0,4.4,2.14,63.2,3.9,11.0,2.1,88.4,39,84,65,6.8,5.9,429,1863,9,4.3,9.27,2171,1507,147,100,0,1.7999999999999972,-0.20000000000000018,0.0,-1,-0.29999999999999893,-2.8999999999999995,0.10000000000000053,29.93
2018,Jacksonville Jaguars,0.4,245,4832,1005,4.8,29,16,121,1112,21,25.0,15.6,-95.67,316,4983,970,5.1,17,6,92,735,37,33.1,8.3,-3.26,61.4,2.8,13.0,2.4,79.1,53.0,9.0,4.8,416.0,1723.0,7.0,4.1,-21.3,62.5,3.4,11.0,2.2,84.4,37,93,73,6.9,5.5,434,1870,16,4.3,12.16,1708,1630,157,107,0,-8.100000000000001,-0.7000000000000002,-0.2999999999999998,-12,-7.299999999999999,-2.0999999999999996,-0.20000000000000018,-92.41
2018,Kansas City Chiefs,-0.1,565,6810,996,6.8,18,6,137,1152,37,52.6,10.5,279.13,421,6488,1109,5.9,27,12,107,881,43,40.8,14.9,-152.2,66.0,8.6,12.0,2.1,113.8,26.0,4.3,8.9,387.0,1855.0,16.0,4.8,31.28,64.2,4.7,15.0,2.4,92.7,52,105,70,7.6,6.3,425,2114,19,5.0,-43.29,2993,2218,192,116,1,11.800000000000004,2.6000000000000005,0.8999999999999995,9,4.4,3.3,-0.20000000000000018,431.33
2018,Los Angeles Chargers,-0.2,428,5962,945,6.3,19,7,113,967,25,42.4,10.0,166.55,329,5339,981,5.4,20,7,103,828,32,33.7,11.8,-25.54,68.0,6.3,12.0,2.3,104.9,34.0,6.2,7.7,399.0,1873.0,16.0,4.7,9.11,64.1,4.2,13.0,2.4,89.1,38,85,68,6.5,6.0,395,1693,11,4.3,8.86,2142,2125,133,112,1,8.699999999999996,1.7000000000000002,0.8999999999999995,1,1.8000000000000007,0.2999999999999998,0.40000000000000036,192.09
2018,Denver Broncos,0.7,329,5602,1015,5.5,21,6,125,985,32,30.6,11.3,37.88,349,5842,1022,5.7,28,11,123,1006,36,34.1,14.1,-43.16,62.4,3.2,15.0,2.6,82.1,34.0,5.5,5.5,393.0,1907.0,18.0,4.9,16.77,64.3,4.7,17.0,3.1,90.7,44,94,70,7.4,6.2,429,1913,11,4.5,9.43,2144,2064,137,114,0,-3.5,-0.7000000000000002,-0.20000000000000018,7,2.799999999999999,1.9000000000000004,0.40000000000000036,81.03999999999999
2018,Las Vegas Raiders,1.8,290,5379,995,5.4,24,14,110,965,17,31.3,13.6,-21.2,467,6102,973,6.3,17,3,117,991,31,44.3,9.8,-185.82,68.7,3.4,10.0,1.8,93.6,52.0,8.6,6.1,387.0,1628.0,9.0,4.2,-42.98,62.3,7.5,14.0,2.9,101.0,13,48,53,2.6,8.0,480,2249,16,4.7,-31.38,1951,1878,93,114,0,-12.999999999999996,-1.9000000000000004,-0.8999999999999995,-7,-3.799999999999999,-6.0,-0.5,164.62
2018,Dallas Cowboys,0.2,339,5501,1022,5.4,17,9,104,885,25,37.9,10.1,59.35,324,5268,981,5.4,20,11,89,681,27,36.5,12.0,-31.28,67.6,4.2,8.0,1.5,96.7,56.0,9.6,6.2,439.0,1963.0,13.0,4.5,10.11,67.7,4.1,9.0,1.7,95.7,39,97,69,6.7,6.5,400,1513,12,3.8,42.86,2381,1980,166,112,1,1.3999999999999986,-0.2999999999999998,0.0,3,1.9000000000000004,-2.8999999999999995,0.7000000000000002,90.63
2018,Philadelphia Eagles,0.5,367,5845,1037,5.6,23,12,100,852,31,38.1,12.5,88.87,348,5859,1002,5.8,17,7,115,995,22,38.6,9.1,-70.21,70.5,4.8,11.0,1.8,100.7,40.0,6.3,6.8,398.0,1570.0,12.0,3.9,-18.01,66.6,3.5,10.0,1.6,93.4,44,133,86,6.6,6.4,332,1551,14,4.7,0.88,2877,2231,184,102,1,-0.5,0.39999999999999947,-0.20000000000000018,-6,-3.4000000000000004,0.2999999999999998,-0.8000000000000003,159.07999999999998
2018,Washington Commanders,-0.1,281,4795,967,5.0,19,4,115,1008,28,31.8,11.2,-30.32,359,5654,996,5.7,26,11,102,791,24,35.1,14.6,-85.87,61.1,3.1,15.0,2.9,78.1,44.0,8.0,4.8,414.0,1774.0,12.0,4.3,-1.14,67.4,5.0,15.0,2.8,95.1,46,89,65,7.9,6.3,413,1860,12,4.5,-23.18,1797,2087,148,106,0,-3.3000000000000007,-1.5,-0.7000000000000002,7,3.4000000000000004,-0.09999999999999964,-0.20000000000000018,55.550000000000004
2018,New York Giants,0.5,369,5697,984,5.8,19,7,114,951,18,38.4,9.6,67.11,412,5942,1034,5.7,21,5,110,919,38,40.9,11.6,-106.41,65.5,3.9,12.0,2.1,92.7,47.0,7.5,6.3,354.0,1650.0,13.0,4.7,-3.65,64.6,4.3,16.0,2.9,89.8,30,84,71,5.1,6.4,444,1898,18,4.3,-9.92,2397,1734,151,108,0,-2.5,-0.10000000000000053,0.09999999999999964,2,2.0,-2.4000000000000004,0.40000000000000036,173.51999999999998
2018,Chicago Bears,-2.3,421,5502,1013,5.4,24,10,97,796,46,36.8,13.2,94.88,283,4795,1004,4.8,36,9,114,1022,25,28.6,19.5,87.91,67.2,5.5,14.0,2.7,95.4,33.0,6.1,6.4,468.0,1938.0,16.0,4.1,-1.67,61.3,3.6,27.0,4.4,72.9,50,100,86,7.5,4.1,339,1280,5,3.8,37.95,2142,1853,184,81,1,8.199999999999996,2.3000000000000007,0.6000000000000005,12,6.300000000000001,1.4000000000000004,0.2999999999999998,6.969999999999999
2018,Minnesota Vikings,-0.6,360,5529,1003,5.5,20,10,92,779,26,32.4,10.6,8.27,341,4955,993,5.0,20,8,106,834,36,33.7,10.5,26.71,70.1,5.0,10.0,1.7,99.7,40.0,6.2,6.5,357.0,1493.0,9.0,4.2,-38.02,62.6,3.0,12.0,2.4,83.3,50,94,88,9.0,5.2,440,1815,13,4.1,18.12,1729,1614,150,76,0,-1.3000000000000043,1.2999999999999998,0.5,0,-0.09999999999999964,2.8,0.10000000000000053,-18.44
2018,Green Bay Packers,-1.2,376,5905,1026,5.8,15,11,108,937,26,38.8,6.7,113.32,400,5670,1017,5.6,15,8,97,792,32,37.9,8.2,-95.15,61.3,3.9,4.0,0.6,93.7,53.0,7.6,6.6,333.0,1667.0,14.0,5.0,47.59,63.8,5.7,7.0,1.3,100.9,44,74,72,7.7,7.1,446,1918,15,4.3,15.68,2236,1723,146,130,0,0.8999999999999986,-0.5,0.20000000000000018,0,1.4999999999999991,0.10000000000000053,0.7000000000000002,208.47
2018,Detroit Lions,-0.8,324,5236,1019,5.1,19,7,94,852,33,35.3,11.0,38.33,360,5360,942,5.7,14,7,94,886,36,34.5,7.0,-98.06,65.3,3.8,12.0,2.1,88.5,41.0,6.7,5.7,404.0,1660.0,11.0,4.1,-19.82,65.1,5.8,7.0,1.4,102.7,43,77,68,8.0,7.2,403,1761,11,4.4,2.4,2375,1426,125,83,0,0.7999999999999972,-1.5,-0.6000000000000005,-5,-4.0,1.2999999999999998,-0.3000000000000007,136.39
2018,New Orleans Saints,0.6,504,6067,1010,6.0,16,9,94,939,33,51.8,9.5,219.25,353,5585,978,5.7,24,12,85,814,37,36.0,14.6,-91.33,73.4,6.4,7.0,1.3,112.3,20.0,3.7,8.1,471.0,2025.0,26.0,4.3,21.21,67.0,5.2,12.0,2.1,100.3,49,98,83,7.9,7.0,356,1283,12,3.6,35.62,2946,2055,178,87,1,15.799999999999997,1.0999999999999996,0.2999999999999998,8,5.1,4.2,0.6999999999999997,310.58
2018,Atlanta Falcons,0.4,414,6226,1010,6.2,18,11,101,899,30,42.9,10.7,154.23,423,6152,1031,6.0,19,4,108,1001,34,41.5,10.5,-156.99,69.4,5.8,7.0,1.1,108.0,42.0,6.4,7.7,351.0,1573.0,11.0,4.5,-18.75,68.0,5.6,15.0,2.6,98.3,37,77,58,5.9,6.7,409,1999,16,4.9,-52.09,2380,1934,137,112,0,1.3999999999999986,1.0,0.20000000000000018,1,-0.1999999999999993,-0.5,-0.40000000000000036,311.22
2018,Carolina Panthers,1.3,376,5972,1011,5.9,22,6,92,818,27,37.0,12.1,117.06,382,5651,948,6.0,23,10,91,805,20,38.0,12.9,-117.21,67.1,5.0,16.0,2.8,92.9,32.0,5.4,6.2,416.0,2136.0,17.0,5.1,44.06,66.7,6.0,13.0,2.5,99.6,35,71,82,6.2,6.9,384,1804,13,4.7,-5.6,2354,1695,128,104,0,-1.0,-0.7000000000000002,-0.09999999999999964,1,0.8000000000000007,0.7999999999999998,0.39999999999999947,234.26999999999998
2018,Tampa Bay Buccaneers,1.7,396,6648,1055,6.3,35,9,117,975,43,37.0,19.0,127.54,464,6134,998,6.1,17,8,127,1156,25,40.7,8.2,-154.58,65.3,5.8,26.0,4.2,94.1,41.0,6.2,7.0,389.0,1523.0,11.0,3.9,-30.72,72.5,6.4,9.0,1.7,110.9,38,93,85,6.6,7.7,426,1983,19,4.7,-4.67,2496,1815,119,99,0,-3.700000000000003,-0.7000000000000002,0.20000000000000018,-18,-10.8,0.39999999999999947,-0.8000000000000003,282.12
2018,Los Angeles Rams,-0.4,527,6738,1060,6.4,19,7,96,878,31,48.6,9.8,228.6,384,5737,960,6.0,30,12,99,852,36,38.2,16.9,-55.13,64.8,5.6,12.0,2.1,100.7,33.0,5.5,7.7,459.0,2231.0,23.0,4.9,52.48,65.1,5.8,18.0,3.4,93.7,41,94,71,7.1,6.3,386,1957,12,5.1,-10.78,2654,2199,182,93,1,10.399999999999999,1.4000000000000004,0.40000000000000036,11,7.099999999999998,1.5999999999999996,-0.1999999999999993,283.73
2018,Seattle Seahawks,-0.6,428,5653,1012,5.6,11,4,111,959,40,39.8,6.1,128.82,347,5653,955,5.9,26,14,108,981,31,35.2,14.2,-52.53,65.6,8.2,7.0,1.6,110.9,51.0,10.7,7.3,534.0,2560.0,15.0,4.8,21.79,65.0,4.8,12.0,2.2,94.3,43,109,69,7.3,6.5,366,1811,9,4.9,-0.01,2091,2098,173,98,1,4.599999999999994,0.7999999999999998,-0.3000000000000007,15,8.1,-3.3999999999999995,-0.10000000000000053,181.35
2018,San Francisco 49ers,0.3,342,5769,1003,5.8,32,12,112,982,45,37.0,17.1,20.08,435,5546,1023,5.4,7,5,117,1011,38,39.8,3.9,-131.06,62.2,4.9,20.0,3.8,87.8,48.0,8.3,6.0,423.0,1902.0,7.0,4.5,-26.56,63.5,6.5,2.0,0.4,105.4,37,92,81,6.4,7.5,444,1814,13,4.1,19.13,1984,1714,176,114,0,-2.799999999999997,-1.5,0.39999999999999947,-25,-13.200000000000001,-1.9000000000000004,0.40000000000000036,151.14
2018,Arizona Cardinals,1.0,225,3865,902,4.3,28,10,101,786,26,19.3,15.0,-156.15,425,5741,1065,5.4,16,9,100,790,32,38.0,8.6,-86.53,57.2,3.0,18.0,3.6,69.0,52.0,9.5,3.7,355.0,1342.0,9.0,3.8,-39.67,67.6,4.2,7.0,1.4,96.1,49,90,99,8.8,6.1,510,2479,25,4.9,-36.91,1773,1799,155,124,0,-18.7,-2.3999999999999995,-1.1000000000000005,-12,-6.4,-0.6999999999999993,-1.1000000000000005,-69.62
2019,New England Patriots,-1.8,420,5664,1095,5.2,15,6,94,828,31,36.3,7.4,35.46,225,4414,948,4.7,36,11,107,920,39,19.1,17.0,169.58,61.0,4.0,9.0,1.5,88.2,28.0,4.3,6.3,447.0,1703.0,17.0,3.8,-30.79,56.5,2.4,25.0,4.7,62.8,47,102,58,8.1,3.5,365,1528,7,4.2,35.11,1726,1422,146,66,1,17.199999999999996,2.8,0.5,21,9.6,3.8,-0.40000000000000036,-134.12
2019,Buffalo Bills,-1.3,314,5283,1018,5.2,19,7,117,927,32,30.1,10.2,7.7,259,4772,985,4.8,23,9,94,815,33,23.6,12.1,51.46,58.3,4.1,12.0,2.3,82.8,40.0,7.2,5.6,465.0,2054.0,13.0,4.4,0.33,62.9,2.7,14.0,2.5,78.8,44,92,97,7.4,4.7,388,1649,12,4.3,7.6,1921,1668,143,132,1,6.5,0.8999999999999995,0.40000000000000036,4,1.9000000000000004,0.20000000000000018,0.10000000000000053,-43.76
2019,New York Jets,-1.1,276,4368,956,4.6,25,9,115,1105,30,23.3,11.6,-112.92,359,5170,1037,5.0,21,9,107,902,40,33.7,9.8,6.94,62.0,3.6,16.0,3.1,80.6,52.0,9.1,4.8,383.0,1257.0,6.0,3.3,-56.47,62.1,4.3,12.0,2.1,88.0,35,99,97,5.6,6.0,417,1391,12,3.3,72.34,2195,1739,137,96,0,-10.400000000000002,-1.2000000000000002,-0.40000000000000036,-4,-1.799999999999999,-3.5,0.0,-119.86
2019,Miami Dolphins,0.2,306,4960,1022,4.9,26,8,92,769,41,30.2,13.7,-28.85,494,6364,1053,6.0,16,3,111,1084,34,45.9,8.6,-170.02,60.3,3.6,18.0,2.9,80.0,58.0,8.6,5.1,349.0,1156.0,10.0,3.3,-51.64,63.1,7.2,13.0,2.4,101.9,23,64,48,4.0,7.7,485,2166,15,4.5,-6.14,2595,1653,95,115,0,-15.7,-2.6000000000000005,-1.0999999999999996,-10,-5.1,-4.6,-1.2000000000000002,141.17000000000002
2019,Baltimore Ravens,0.1,531,6521,1064,6.1,15,7,109,867,27,51.8,8.4,244.1,282,4809,921,5.2,25,12,97,795,39,32.5,14.5,32.06,65.7,8.4,8.0,1.8,109.0,28.0,6.0,7.7,596.0,3296.0,21.0,5.5,97.87,58.5,2.8,13.0,2.4,77.5,37,111,72,6.4,5.2,340,1494,12,4.4,6.25,1929,1650,140,93,1,19.299999999999997,2.5,0.8999999999999995,10,6.1,0.40000000000000036,1.0999999999999996,212.04
2019,Pittsburgh Steelers,1.2,289,4428,937,4.7,30,11,111,893,43,28.9,16.0,-85.56,303,4866,1030,4.7,38,18,115,1118,30,29.4,19.8,86.78,61.8,3.5,19.0,3.7,76.1,32.0,5.9,4.6,395.0,1447.0,7.0,3.7,-64.88,61.1,4.5,20.0,3.9,79.7,54,118,90,9.5,4.7,462,1753,7,3.8,63.09,2079,1354,180,106,0,-0.5,-0.10000000000000053,0.0,8,3.8000000000000007,3.5999999999999996,-0.09999999999999964,-172.34
2019,Cleveland Browns,1.7,335,5455,973,5.6,28,7,122,1106,35,33.9,14.8,13.54,393,5785,1014,5.7,20,6,107,836,37,36.8,11.0,-88.15,59.0,4.1,21.0,3.9,78.4,41.0,7.1,5.3,393.0,1901.0,15.0,4.8,-8.57,62.0,4.9,14.0,2.7,89.0,38,82,78,6.9,6.1,463,2315,19,5.0,-37.5,1958,1718,138,140,0,-2.8999999999999986,-0.7999999999999998,-0.10000000000000053,-8,-3.8000000000000007,-0.1999999999999993,-0.20000000000000018,101.69
2019,Cincinnati Bengals,1.5,279,5169,1049,4.9,30,14,93,761,36,29.8,15.5,-60.73,420,6299,1034,6.1,16,5,122,988,21,39.3,8.7,-130.66,57.8,2.9,16.0,2.6,76.2,48.0,7.2,5.0,385.0,1517.0,9.0,3.9,-25.52,61.7,5.0,11.0,2.2,95.4,31,86,59,5.8,7.4,504,2382,17,4.7,-12.07,2111,1916,129,109,0,-9.499999999999996,-2.4000000000000004,-1.1999999999999993,-14,-6.800000000000001,-1.4000000000000004,-0.8000000000000003,69.93
2019,Houston Texans,1.0,378,5792,1017,5.7,22,8,111,892,31,37.9,12.4,110.6,385,6213,1020,6.1,22,10,109,859,28,38.8,12.9,-128.18,66.5,5.1,14.0,2.6,95.3,49.0,8.4,6.3,434.0,2009.0,17.0,4.6,22.83,64.0,5.6,12.0,2.0,97.6,31,91,51,5.0,7.1,403,1937,12,4.8,-2.87,2569,2269,117,115,1,-0.8999999999999986,-0.7999999999999998,-0.39999999999999947,0,0.5,-3.4000000000000004,-0.20000000000000018,238.78
2019,Tennessee Titans,-1.0,402,5805,949,6.1,17,9,99,932,36,31.4,8.6,96.68,331,5752,1056,5.4,23,9,125,1025,27,31.7,11.6,-24.63,66.3,6.5,8.0,1.8,108.3,56.0,11.1,7.5,445.0,2223.0,21.0,5.0,21.95,64.5,4.2,14.0,2.3,90.4,43,84,71,6.7,6.2,415,1672,14,4.0,35.33,2949,2224,142,110,1,-0.3000000000000007,1.2999999999999998,0.6999999999999993,6,3.0,-4.3999999999999995,1.0,121.31
2019,Indianapolis Colts,-1.1,361,5238,1016,5.2,21,11,79,670,44,36.3,11.3,74.8,373,5549,986,5.6,23,8,111,1040,23,38.8,12.9,-56.37,59.8,4.3,10.0,1.9,85.0,32.0,5.9,5.7,471.0,2130.0,17.0,4.5,29.24,70.1,5.2,15.0,2.7,98.0,41,82,69,6.8,6.4,383,1567,8,4.1,21.54,2372,1735,133,87,0,-2.5,-0.7000000000000002,-0.39999999999999947,2,1.5999999999999996,0.8999999999999995,0.40000000000000036,131.17
2019,Jacksonville Jaguars,-0.6,300,5468,1020,5.4,20,12,132,1165,30,33.9,10.2,-23.15,397,6007,999,6.0,19,9,102,883,33,37.2,9.4,-118.09,61.8,4.1,8.0,1.4,90.0,42.0,6.7,6.1,389.0,1708.0,3.0,4.4,-35.26,63.2,4.3,10.0,1.9,93.9,47,104,79,8.3,6.7,435,2229,23,5.1,-21.95,1960,2071,150,126,0,-3.3000000000000043,-0.6000000000000005,-0.5999999999999996,-1,-0.7999999999999989,1.6000000000000005,-0.6999999999999993,94.94
2019,Kansas City Chiefs,0.2,451,6067,976,6.2,15,10,107,1029,46,48.8,7.9,186.59,308,5594,1043,5.4,23,7,116,844,39,34.1,13.4,-40.12,65.6,5.2,5.0,0.9,104.4,25.0,4.2,8.1,375.0,1569.0,16.0,4.2,-1.19,60.5,3.6,16.0,2.7,80.8,45,96,66,7.2,5.2,416,2051,14,4.9,-40.73,2199,2168,145,101,1,14.699999999999996,2.8999999999999995,0.7999999999999998,8,5.5,3.0,-0.7000000000000002,226.71
2019,Denver Broncos,0.0,282,4777,954,5.0,16,6,110,912,40,32.4,9.2,-14.61,316,5392,1003,5.4,17,7,121,1041,34,36.3,8.8,-31.98,61.9,3.2,10.0,2.0,84.1,41.0,7.5,5.5,409.0,1662.0,11.0,4.1,-17.2,64.8,3.5,10.0,1.9,89.8,40,79,79,6.9,6.1,426,1783,9,4.2,12.72,2015,1630,137,96,0,-3.8999999999999986,-0.5999999999999996,-0.40000000000000036,1,-0.3999999999999986,-0.5999999999999996,-0.10000000000000053,17.37
2019,Las Vegas Raiders,-0.3,313,5819,989,5.9,17,9,128,1138,17,32.7,9.7,79.57,419,5677,963,5.9,15,6,91,763,52,41.0,8.4,-159.71,70.2,4.2,8.0,1.5,101.0,29.0,5.3,7.3,437.0,1893.0,13.0,4.3,-21.1,64.1,6.3,9.0,1.7,103.8,32,64,74,5.7,7.8,405,1570,15,3.9,17.69,2392,1892,117,108,0,-8.299999999999997,-0.5,0.0,-2,-1.299999999999999,0.40000000000000036,0.3999999999999999,239.28
2019,Los Angeles Chargers,-0.8,337,5879,997,5.9,31,11,103,872,39,38.8,18.1,82.43,345,5009,923,5.4,14,3,108,959,28,36.6,8.7,-84.11,66.0,4.0,20.0,3.4,89.0,34.0,5.4,6.3,366.0,1453.0,12.0,4.0,-28.43,70.7,4.5,11.0,2.4,96.7,30,67,69,6.1,6.3,429,1805,15,4.2,1.08,1752,1595,125,118,0,2.1999999999999957,0.0,0.5,-17,-9.400000000000002,0.6999999999999993,-0.20000000000000018,166.54000000000002
2019,Philadelphia Eagles,-1.7,385,5772,1104,5.2,23,15,100,836,35,34.8,10.7,61.81,354,5307,967,5.5,20,9,115,959,28,33.5,10.1,-13.98,63.8,4.4,8.0,1.3,92.1,37.0,5.7,6.2,454.0,1939.0,16.0,4.3,-12.51,60.9,4.7,11.0,1.9,90.8,43,106,80,7.0,6.4,353,1442,13,4.1,41.04,2609,1817,154,97,1,1.2999999999999972,-0.20000000000000018,-0.2999999999999998,-3,-0.5999999999999996,1.2999999999999998,0.20000000000000018,75.79
2019,Dallas Cowboys,-1.8,434,6904,1069,6.5,18,7,109,1008,30,44.6,10.3,210.77,321,5232,1015,5.2,17,10,102,855,38,35.3,9.8,-31.81,65.0,5.0,11.0,1.8,99.5,23.0,3.7,7.8,449.0,2153.0,18.0,4.8,37.08,65.0,3.7,7.0,1.2,91.9,39,90,76,6.4,6.1,407,1656,14,4.1,25.11,1876,1950,149,119,0,9.300000000000004,1.7000000000000002,1.2999999999999998,-1,-0.5,2.7,0.7000000000000002,242.58
2019,New York Giants,-1.0,341,5416,1012,5.4,33,16,90,784,35,28.6,17.8,-10.3,451,6037,1061,5.7,16,6,117,922,32,39.8,8.6,-104.11,61.9,4.9,17.0,2.8,86.4,43.0,6.6,5.5,362.0,1685.0,11.0,4.7,-5.58,66.4,5.4,10.0,1.8,101.4,36,98,80,6.1,7.4,469,1812,19,3.9,40.51,2518,1828,147,106,0,-11.199999999999996,-1.9000000000000004,-0.2999999999999998,-17,-9.200000000000001,-0.5,0.8000000000000003,93.81
2019,Washington Commanders,-0.2,266,4395,885,5.0,21,8,106,835,20,29.5,11.9,-88.3,435,6162,1079,5.7,22,9,94,805,34,42.0,11.9,-132.83,62.2,3.8,13.0,2.7,83.0,50.0,9.5,4.9,356.0,1583.0,9.0,4.4,-26.82,68.7,6.5,13.0,2.4,102.5,46,95,75,7.8,6.7,493,2339,14,4.7,-6.89,2094,1740,174,116,0,-12.5,-1.7999999999999998,-0.7000000000000002,1,0.0,-1.7000000000000002,-0.2999999999999998,44.530000000000015
2019,Green Bay Packers,-0.7,376,5528,1020,5.4,13,9,100,774,40,37.3,6.8,89.3,313,5642,998,5.7,25,8,97,968,20,34.3,14.0,-26.09,62.1,4.5,4.0,0.7,95.3,36.0,5.9,6.7,411.0,1795.0,18.0,4.4,2.84,59.7,3.5,17.0,3.1,81.1,41,94,63,7.0,5.7,411,1921,15,4.7,-23.29,2405,1862,133,104,1,3.0,1.0,-0.2999999999999998,12,7.2,1.0999999999999996,-0.2999999999999998,115.39
2019,Minnesota Vikings,-1.1,407,5656,970,5.8,20,12,96,895,37,41.6,10.4,111.7,303,5465,1053,5.2,31,14,83,713,31,34.7,17.3,-1.5,68.5,5.6,8.0,1.7,103.9,28.0,5.7,7.5,476.0,2133.0,19.0,4.5,-5.43,65.6,3.8,17.0,2.8,86.1,48,101,87,7.4,5.3,404,1728,8,4.3,24.55,2748,1680,143,67,1,6.899999999999999,2.2,0.5999999999999996,11,6.9,1.7000000000000002,0.20000000000000018,113.2
2019,Chicago Bears,0.2,280,4749,1020,4.7,19,7,103,838,34,29.1,10.3,-41.05,298,5186,1017,5.1,19,9,113,923,30,30.9,10.5,0.85,64.0,3.4,12.0,2.1,83.9,45.0,7.2,5.0,395.0,1458.0,8.0,3.7,-44.55,63.4,3.0,10.0,1.8,85.2,32,79,53,5.3,5.7,414,1632,16,3.9,38.83,2110,1616,157,100,0,-1.7999999999999972,-0.7000000000000002,-0.39999999999999947,0,0.1999999999999993,-1.9000000000000004,-0.19999999999999973,-41.9
2019,Detroit Lions,-0.1,341,5549,1021,5.4,23,8,113,937,35,33.3,12.0,31.07,423,6406,1094,5.9,18,11,117,960,39,40.3,8.8,-137.55,60.2,4.9,15.0,2.6,88.2,43.0,7.0,6.2,407.0,1649.0,7.0,4.1,-28.67,62.4,5.4,7.0,1.1,99.6,28,70,49,4.4,7.7,455,1855,13,4.1,17.32,2864,1722,124,127,0,-7.0,-1.5,-0.5,-5,-3.1999999999999993,-2.5999999999999996,0.0,168.62
2019,New Orleans Saints,0.0,458,5982,1011,5.9,8,2,120,1036,20,46.2,4.0,161.32,341,5329,999,5.3,23,10,92,713,43,35.1,12.6,-35.67,71.9,6.2,6.0,1.0,110.2,25.0,4.1,7.7,405.0,1738.0,12.0,4.3,-11.86,61.5,4.5,13.0,2.2,88.3,51,110,80,7.8,5.8,345,1461,12,4.2,33.51,2536,1804,179,86,1,11.100000000000001,1.9000000000000004,0.6000000000000005,15,8.6,3.7,0.09999999999999964,196.99
2019,Atlanta Falcons,1.1,381,6075,1096,5.5,25,10,119,956,41,40.8,13.2,95.51,399,5693,985,5.8,20,8,127,1080,30,42.5,9.0,-98.34,67.1,4.2,15.0,2.2,93.8,50.0,6.8,6.3,362.0,1361.0,10.0,3.8,-23.14,65.5,5.2,12.0,2.2,96.9,28,69,66,5.0,7.0,421,1775,13,4.2,17.98,2134,1924,109,95,0,-1.7000000000000028,-0.7000000000000002,-0.2999999999999998,-5,-4.199999999999999,-1.7999999999999998,-0.40000000000000036,193.85000000000002
2019,Tampa Bay Buccaneers,-0.2,458,6366,1086,5.9,41,11,133,1111,28,37.9,20.2,37.0,449,5503,1073,5.1,28,16,111,971,39,39.4,13.6,20.23,60.6,5.2,30.0,4.8,84.1,47.0,6.9,6.1,409.0,1521.0,15.0,3.7,-43.82,61.4,4.5,12.0,1.8,90.0,47,117,87,6.6,6.2,362,1181,11,3.3,56.23,2739,1841,175,118,0,-1.5,-0.10000000000000053,0.8000000000000007,-13,-6.6,-0.3000000000000007,0.40000000000000036,16.77
2019,Carolina Panthers,1.1,340,5469,1077,5.1,35,14,87,754,23,32.3,16.7,-28.07,470,5992,1042,5.8,21,7,109,940,30,40.1,10.2,-109.88,60.3,2.7,21.0,3.3,74.7,58.0,8.4,4.4,386.0,1819.0,20.0,4.7,-8.21,63.8,3.9,14.0,2.6,88.0,53,108,78,8.9,5.8,445,2296,31,5.2,-62.69,2210,1711,156,109,0,-7.800000000000004,-1.3999999999999995,-0.7000000000000002,-14,-6.5,0.5,-0.5,81.81
2019,San Francisco 49ers,0.4,479,6097,1012,6.0,23,10,105,939,31,44.3,12.0,116.51,310,4509,968,4.7,27,15,116,957,30,28.8,14.1,91.51,69.2,5.9,13.0,2.7,103.1,36.0,7.0,7.3,498.0,2305.0,23.0,4.6,-12.96,61.3,4.4,12.0,2.3,83.0,48,93,87,8.5,4.6,401,1802,11,4.5,11.03,1707,2012,172,107,1,15.499999999999996,2.7,1.2999999999999998,4,2.0999999999999996,1.5,0.09999999999999964,25.0
2019,Seattle Seahawks,2.3,405,5991,1046,5.7,20,14,109,882,30,36.5,10.6,60.43,398,6106,1014,6.0,32,16,96,798,25,36.9,16.2,-66.35,66.0,6.0,6.0,1.2,105.3,48.0,8.5,7.3,481.0,2200.0,15.0,4.6,-29.96,64.0,3.2,16.0,2.7,85.6,28,68,52,4.5,6.2,388,1883,22,4.9,-12.92,2439,2211,126,131,1,-0.3999999999999986,1.0999999999999996,-0.2999999999999998,12,5.6,-4.0,-0.3000000000000007,126.78
2019,Los Angeles Rams,2.0,394,5998,1055,5.7,24,7,118,899,28,35.7,13.0,37.09,364,5434,1056,5.1,24,11,105,829,30,33.5,12.4,-10.53,62.8,3.5,17.0,2.7,85.6,22.0,3.4,6.4,401.0,1499.0,20.0,3.7,-41.93,61.9,4.1,13.0,2.3,86.8,50,93,81,8.2,5.7,444,1809,15,4.1,21.49,2179,1663,177,98,0,2.200000000000003,0.7000000000000002,0.6000000000000005,0,-0.5999999999999996,4.799999999999999,-0.39999999999999947,47.620000000000005
2019,Arizona Cardinals,1.8,361,5467,1000,5.5,18,6,121,956,29,38.8,10.1,64.36,442,6432,1080,6.0,17,10,114,1041,38,43.0,9.3,-173.55,64.1,3.6,12.0,2.2,87.0,50.0,8.3,5.5,396.0,1990.0,18.0,5.0,35.92,70.0,6.3,7.0,1.2,109.9,40,91,91,6.2,7.7,439,1922,9,4.4,15.13,2471,2228,136,135,0,-4.200000000000003,-2.2,-0.5,-1,-0.7999999999999989,-2.1000000000000005,0.5999999999999996,237.91000000000003
2020,Buffalo Bills,-0.2,501,6343,1034,6.1,22,11,102,941,38,49.4,11.8,213.32,375,5640,1025,5.5,26,11,86,728,27,39.4,15.3,-88.65,68.8,6.7,11.0,1.8,107.6,27.0,4.3,7.9,411.0,1723.0,16.0,4.2,-5.21,64.4,4.0,15.0,2.6,86.9,38,92,72,6.2,5.7,414,1914,21,4.6,-38.09,2599,2121,143,125,1,10.0,2.2,0.5999999999999996,4,3.5,1.9000000000000004,-0.39999999999999947,301.97
2020,Miami Dolphins,-1.2,404,5424,1021,5.3,20,7,74,635,38,41.4,11.0,61.96,338,5886,998,5.9,29,11,85,805,30,30.7,15.6,-36.43,66.2,4.3,13.0,2.3,91.2,34.0,5.7,6.1,428.0,1688.0,15.0,3.9,-19.99,62.9,3.9,18.0,3.3,87.0,41,99,69,7.0,6.2,412,1862,17,4.5,-26.37,2294,2008,151,106,0,10.7,-0.10000000000000053,-0.6000000000000005,9,4.6,1.2999999999999998,-0.6000000000000001,98.39
2020,New England Patriots,0.7,326,5236,979,5.3,19,5,62,534,32,36.9,12.1,55.88,353,5660,982,5.8,22,4,82,639,21,38.9,14.0,-113.1,64.3,2.7,14.0,3.2,81.1,37.0,7.8,5.2,502.0,2346.0,20.0,4.7,57.63,67.4,4.5,18.0,3.6,89.3,24,65,48,4.6,6.2,464,2103,17,4.5,-42.97,1890,1739,146,90,0,-2.0,-1.0,-0.5,3,1.9000000000000004,-3.2,0.20000000000000018,168.98
2020,New York Jets,1.9,243,4479,948,4.7,19,5,101,952,29,26.3,10.9,-59.07,457,6201,1081,5.7,19,9,99,899,46,44.6,10.7,-169.15,58.5,3.2,14.0,2.8,75.9,43.0,7.9,4.6,406.0,1683.0,9.0,4.1,-6.76,69.1,5.6,10.0,1.7,103.2,31,84,72,4.9,7.3,445,1792,16,4.0,23.32,2483,2051,141,132,0,-18.3,-2.7,-1.0,0,-0.20000000000000107,-3.0,0.09999999999999964,110.08000000000001
2020,Pittsburgh Steelers,-1.8,416,5354,1043,5.1,18,7,81,691,35,37.2,8.5,73.98,312,4893,996,4.9,27,9,103,980,24,29.3,13.8,47.27,65.2,5.3,11.0,1.7,93.5,14.0,2.1,6.3,373.0,1351.0,12.0,3.6,-41.77,56.7,4.2,18.0,3.4,76.7,56,137,103,9.6,4.7,414,1783,13,4.3,4.45,2161,1547,213,111,1,7.900000000000002,1.5999999999999996,0.1999999999999993,9,5.300000000000001,7.5,-0.6999999999999997,26.71
2020,Baltimore Ravens,-2.0,468,5810,993,5.9,18,7,104,961,19,45.3,10.6,151.71,303,5276,1017,5.2,22,12,77,646,38,30.0,12.4,-23.88,63.3,6.7,11.0,2.7,95.7,32.0,7.3,6.4,555.0,3071.0,24.0,5.5,99.52,63.8,3.7,10.0,1.7,87.2,39,116,71,6.1,5.6,382,1740,12,4.6,2.37,2245,1943,176,134,1,15.299999999999997,0.8000000000000007,0.7000000000000002,4,1.8000000000000007,-1.2000000000000002,0.9000000000000004,175.59
2020,Cleveland Browns,-1.9,408,5913,1022,5.8,16,8,100,870,27,40.6,9.7,140.35,419,5735,1035,5.5,21,10,84,690,22,43.0,12.7,-127.09,62.9,5.4,8.0,1.6,96.6,26.0,4.9,7.1,495.0,2374.0,21.0,4.8,21.32,63.4,5.3,11.0,1.9,94.8,38,75,57,6.1,6.6,412,1773,16,4.3,-19.5,2839,2206,142,96,1,-2.3999999999999986,0.5,0.2999999999999998,5,3.0,1.1999999999999993,0.5,267.44
2020,Cincinnati Bengals,-0.4,311,5116,1040,4.9,24,13,83,675,25,33.0,12.8,-5.13,424,6227,1021,6.1,17,6,99,795,25,43.3,9.4,-142.2,64.0,3.3,11.0,1.9,85.7,48.0,7.6,5.3,411.0,1668.0,13.0,4.1,-28.73,62.8,5.9,11.0,2.0,96.1,17,73,45,3.0,7.2,463,2368,13,5.1,-30.61,2259,1610,111,110,0,-10.299999999999997,-1.9000000000000004,-1.1999999999999993,-7,-3.4000000000000004,-4.6,-1.0,137.07
2020,Tennessee Titans,-1.7,491,6343,1031,6.2,12,5,86,783,36,47.9,7.2,247.52,439,6372,1076,5.9,23,8,103,840,31,45.2,13.3,-174.25,65.2,6.8,7.0,1.4,105.9,25.0,4.9,7.8,521.0,2690.0,26.0,5.2,62.9,67.1,5.7,15.0,2.4,97.5,19,72,54,2.9,6.9,427,1933,18,4.5,-21.63,2702,2031,119,113,1,2.6999999999999957,0.8999999999999995,0.2999999999999998,11,6.1000000000000005,-2.0000000000000004,0.7000000000000002,421.77
2020,Indianapolis Colts,-2.8,451,6049,1032,5.9,15,4,94,899,34,44.4,8.8,149.94,362,5314,992,5.4,25,10,86,755,32,35.1,14.3,-59.63,67.2,4.3,11.0,2.0,95.9,21.0,3.7,7.0,459.0,1996.0,20.0,4.3,8.16,65.7,4.3,15.0,2.7,90.5,40,81,71,6.6,6.1,390,1448,16,3.7,14.06,2678,1759,147,70,1,9.299999999999997,0.9000000000000004,0.5,10,5.5,2.8999999999999995,0.5999999999999996,209.57
2020,Houston Texans,-0.5,384,6004,940,6.4,18,11,80,619,21,42.9,9.8,140.22,464,6668,1068,6.2,9,6,76,678,23,47.0,5.4,-242.84,70.1,6.0,7.0,1.3,112.3,50.0,8.4,8.2,344.0,1466.0,10.0,4.3,-9.85,69.7,5.5,3.0,0.6,109.6,34,80,65,5.9,7.9,493,2564,24,5.2,-58.2,2115,2157,127,125,0,-4.100000000000001,0.29999999999999893,0.20000000000000018,-9,-4.4,-2.5,-0.9000000000000004,383.06
2020,Jacksonville Jaguars,-0.1,306,5218,997,5.2,25,9,107,1071,25,30.4,14.0,-6.12,492,6683,1068,6.3,17,5,78,710,44,47.8,9.2,-228.53,62.8,4.1,16.0,2.6,83.9,44.0,6.7,5.3,337.0,1519.0,9.0,4.5,9.41,69.4,6.4,12.0,2.3,105.6,18,77,57,3.3,7.9,517,2452,23,4.7,-26.0,2176,2073,116,114,0,-17.4,-2.6000000000000005,-1.0999999999999996,-8,-4.800000000000001,-3.4000000000000004,-0.20000000000000018,222.41
2020,Kansas City Chiefs,-0.1,473,6653,1057,6.3,16,9,105,919,32,47.9,9.2,239.29,362,5733,1022,5.6,22,6,97,760,38,36.1,13.0,-109.01,66.7,6.3,7.0,1.1,107.3,24.0,3.7,8.2,403.0,1799.0,13.0,4.5,19.44,62.7,5.2,16.0,2.9,89.4,32,99,47,5.4,6.2,433,1954,14,4.5,-35.68,2257,2333,153,119,1,11.799999999999997,1.9999999999999991,0.7000000000000002,6,3.8000000000000007,1.7000000000000002,0.0,348.3
2020,Las Vegas Raiders,0.8,434,6133,1036,5.9,26,16,98,856,32,47.9,14.8,147.62,478,6225,1039,6.0,15,5,95,915,44,50.3,8.4,-211.22,67.0,5.1,10.0,1.8,100.4,28.0,4.8,7.5,457.0,1916.0,20.0,4.2,17.4,63.8,4.8,10.0,1.7,95.3,21,77,61,3.5,7.2,438,2013,24,4.6,-38.01,2319,2007,147,143,0,-2.3999999999999986,0.2999999999999998,-0.09999999999999964,-11,-6.4,-1.2999999999999998,-0.39999999999999947,358.84000000000003
2020,Los Angeles Chargers,-0.3,384,6113,1127,5.4,16,6,85,710,36,38.3,8.6,129.6,426,5495,997,5.5,19,7,94,869,26,43.5,10.0,-89.82,65.9,4.9,10.0,1.6,97.0,34.0,5.1,6.8,466.0,1784.0,12.0,3.8,-15.56,62.6,5.3,12.0,2.2,91.4,27,85,55,4.7,6.3,427,1917,17,4.5,-3.97,2196,1517,143,109,0,-5.200000000000003,0.5,-0.09999999999999964,3,1.4000000000000004,-0.39999999999999947,-0.7000000000000002,219.42
2020,Denver Broncos,1.7,323,5369,1030,5.2,32,9,81,670,38,33.0,17.0,-21.82,446,5887,1043,5.6,16,6,106,952,26,44.6,8.2,-92.82,57.0,3.8,23.0,4.1,72.5,32.0,5.4,4.8,442.0,1918.0,13.0,4.3,-13.97,66.0,3.7,10.0,1.8,92.1,42,93,65,6.9,6.2,434,2080,22,4.8,-28.92,2278,1811,167,94,0,-11.600000000000001,-1.4000000000000004,-0.39999999999999947,-16,-8.8,1.5,-0.5,71.0
2020,Washington Commanders,-1.2,335,5076,1051,4.8,27,11,87,697,30,33.3,13.1,-15.59,329,4873,1004,4.9,23,7,85,708,28,31.4,12.2,47.02,64.7,2.7,16.0,2.7,80.1,50.0,7.7,4.7,400.0,1611.0,18.0,4.0,16.3,62.4,4.0,16.0,3.0,81.4,47,97,78,8.2,4.8,428,1805,14,4.2,5.71,2177,1546,156,120,1,1.8999999999999986,-0.09999999999999964,-0.10000000000000053,-4,-0.9000000000000004,0.4999999999999991,-0.20000000000000018,-62.61
2020,New York Giants,0.4,280,4794,966,5.0,22,11,81,634,28,33.5,12.6,-26.79,357,5589,1046,5.3,22,11,88,681,23,41.5,12.2,-66.94,62.1,2.3,11.0,2.1,79.6,50.0,8.8,4.9,399.0,1768.0,13.0,4.4,-2.39,67.6,3.8,11.0,1.9,93.2,40,107,74,6.5,6.1,432,1782,14,4.1,-0.25,2269,1856,165,97,0,-8.0,-1.1999999999999993,-0.2999999999999998,0,-0.40000000000000036,-2.3000000000000007,0.3000000000000007,40.15
2020,Dallas Cowboys,-0.2,395,5949,1113,5.3,26,13,96,849,25,40.6,14.4,58.97,473,6183,1054,5.9,23,13,91,733,37,43.1,12.2,-141.7,64.6,3.9,13.0,2.0,89.9,44.0,6.4,6.0,430.0,1788.0,14.0,4.2,21.7,63.9,6.6,10.0,1.9,100.4,31,74,54,5.7,7.1,510,2541,20,5.0,-50.73,2102,1641,132,102,0,-2.5,-1.0999999999999996,-0.6000000000000005,-3,-2.200000000000001,-0.7000000000000002,-0.7999999999999998,200.67
2020,Philadelphia Eagles,0.8,334,5354,1066,5.0,29,9,107,853,45,27.9,15.3,-13.65,418,5810,1060,5.5,19,11,112,1036,33,37.8,9.2,-71.06,55.9,3.7,20.0,3.3,72.9,65.0,9.8,4.3,403.0,2027.0,16.0,5.0,30.39,68.7,5.1,8.0,1.5,102.4,49,115,91,8.5,6.9,481,2012,20,4.2,14.58,2249,1873,167,115,0,-9.899999999999999,-2.6000000000000005,-0.5,-10,-6.100000000000001,-1.3000000000000007,0.7999999999999998,57.410000000000004
2020,Green Bay Packers,-1.1,509,6224,990,6.3,11,6,84,684,28,49.7,5.6,259.61,369,5344,974,5.5,18,7,79,734,29,39.9,11.4,-92.33,70.7,9.1,5.0,1.0,121.5,21.0,3.8,8.9,443.0,2118.0,16.0,4.8,35.78,64.6,4.3,11.0,2.1,91.1,41,80,58,7.1,6.1,397,1805,16,4.5,-31.7,2241,1987,128,109,1,9.800000000000004,2.8000000000000007,0.7999999999999998,7,5.800000000000001,3.3,0.2999999999999998,351.94
2020,Chicago Bears,0.1,372,5302,1043,5.1,22,6,88,777,24,38.9,12.0,42.48,370,5519,1020,5.4,18,8,95,861,37,38.0,8.9,-78.32,65.5,4.2,16.0,2.6,86.5,36.0,5.5,5.3,393.0,1647.0,12.0,4.2,8.25,64.0,5.1,10.0,1.8,94.9,35,88,63,6.0,6.6,438,1814,11,4.1,19.11,2330,1848,137,89,1,0.8999999999999986,-1.2999999999999998,-0.3000000000000007,-4,-3.0999999999999996,0.5,0.10000000000000053,120.79999999999998
2020,Minnesota Vikings,0.4,430,6292,1023,6.2,23,10,82,650,32,39.8,12.5,157.7,475,6292,1036,6.1,22,7,83,723,22,50.0,10.7,-180.29,67.6,6.8,13.0,2.5,105.0,39.0,7.0,7.4,468.0,2283.0,20.0,4.9,32.49,66.2,5.5,15.0,2.8,97.0,23,70,54,4.1,7.2,472,2151,19,4.6,-41.77,2530,1732,116,131,0,-10.200000000000003,0.20000000000000018,0.10000000000000053,-1,-1.8000000000000007,-2.9000000000000004,0.3000000000000007,337.99
2020,Detroit Lions,1.2,377,5603,991,5.7,21,8,95,860,37,38.5,11.2,94.78,519,6716,1068,6.3,12,5,103,797,35,47.9,7.1,-283.04,64.3,4.6,13.0,2.2,93.3,42.0,6.7,6.5,367.0,1499.0,17.0,4.1,-12.4,68.8,6.8,7.0,1.3,112.4,24,56,61,4.1,8.6,487,2158,27,4.4,-42.32,2651,2093,105,128,0,-9.399999999999999,-2.0999999999999996,-0.5999999999999996,-9,-4.1,-2.6000000000000005,-0.3000000000000007,377.82000000000005
2020,New Orleans Saints,0.5,482,6023,1045,5.8,17,9,98,1005,21,45.5,9.0,171.48,337,4974,992,5.0,26,8,64,517,50,34.7,13.1,-41.73,70.9,5.4,8.0,1.5,104.1,29.0,5.3,7.2,494.0,2265.0,30.0,4.6,51.0,59.8,5.0,18.0,3.2,83.3,45,113,81,7.5,5.4,390,1502,11,3.9,16.28,2438,1699,163,82,1,10.799999999999997,1.7999999999999998,0.7999999999999998,9,4.1,2.2,0.6999999999999997,213.20999999999998
2020,Tampa Bay Buccaneers,0.8,492,6145,1017,6.0,17,5,84,715,44,47.8,8.9,200.73,355,5234,1023,5.1,25,10,95,1015,26,33.7,14.0,-23.9,65.5,6.7,12.0,1.9,102.8,22.0,3.4,7.6,369.0,1519.0,16.0,4.1,-8.46,69.0,4.7,15.0,2.4,94.3,48,116,91,7.2,5.8,358,1289,10,3.6,33.25,2940,2430,189,103,1,14.099999999999994,1.7999999999999998,0.9000000000000004,8,5.1,3.8000000000000003,0.49999999999999956,224.63
2020,Carolina Panthers,2.2,350,5592,993,5.6,21,5,95,752,33,40.3,13.2,81.2,402,5761,1022,5.6,22,15,85,713,35,46.0,12.4,-125.54,67.8,2.9,16.0,2.9,87.5,36.0,6.1,6.0,407.0,1704.0,19.0,4.2,20.87,68.0,4.8,7.0,1.2,98.4,29,89,55,4.7,6.6,408,1936,17,4.7,-27.66,2137,1866,143,121,0,-5.700000000000003,-0.5999999999999996,0.0,1,-0.7999999999999989,-1.3999999999999995,-0.5,206.74
2020,Atlanta Falcons,1.9,396,5895,1078,5.5,18,7,83,736,37,44.8,10.3,129.77,414,6374,1034,6.2,21,9,91,800,31,42.0,12.1,-148.58,65.0,4.3,11.0,1.8,93.9,41.0,6.1,6.6,409.0,1532.0,13.0,3.7,-17.02,68.0,5.4,12.0,1.9,101.7,29,92,63,4.4,7.4,380,1677,15,4.4,20.45,2651,2207,161,101,0,2.799999999999997,-0.8000000000000007,-0.7000000000000002,3,1.799999999999999,-1.6999999999999993,-0.7000000000000002,278.35
2020,Seattle Seahawks,0.0,459,5912,1022,5.8,18,5,84,662,29,44.4,10.1,147.28,371,6089,1112,5.5,22,8,94,803,26,40.0,12.0,-89.48,68.9,7.1,13.0,2.3,105.0,48.0,7.9,6.8,411.0,1971.0,15.0,4.8,28.41,66.8,3.4,14.0,2.1,90.2,46,109,88,6.4,6.1,392,1529,18,3.9,6.86,3005,1943,182,88,1,4.399999999999999,0.7000000000000002,0.2999999999999998,4,1.9000000000000004,-1.5,0.8999999999999999,236.76
2020,Los Angeles Rams,0.7,372,6032,1088,5.5,25,11,71,655,23,34.2,12.5,57.97,296,4511,989,4.6,22,8,78,582,19,27.9,12.0,91.59,66.4,3.4,14.0,2.4,88.4,25.0,4.1,6.2,473.0,2018.0,19.0,4.3,-18.61,63.3,3.1,14.0,2.6,80.4,53,102,66,8.8,4.6,388,1460,12,3.8,41.05,1836,1939,147,77,1,6.300000000000004,1.6000000000000005,0.9000000000000004,-3,-0.5,4.700000000000001,0.5,-33.620000000000005
2020,Arizona Cardinals,-0.1,410,6153,1083,5.7,21,8,113,868,34,40.2,11.7,103.62,367,5631,1054,5.3,21,10,104,841,38,37.2,10.5,-82.04,67.3,4.7,13.0,2.3,94.1,29.0,4.8,6.4,479.0,2237.0,22.0,4.7,49.64,64.0,4.6,11.0,1.9,91.5,48,100,88,7.8,5.9,436,2008,13,4.6,-24.28,1884,2039,169,110,0,3.0,0.5,0.40000000000000036,0,-1.1999999999999993,3.0,0.10000000000000053,185.66000000000003
2020,San Francisco 49ers,1.7,376,5922,1046,5.7,31,14,85,731,32,36.3,14.8,55.7,390,5030,997,5.0,20,8,79,709,33,38.3,10.4,-16.82,65.1,4.4,17.0,3.0,90.1,39.0,6.4,6.2,437.0,1889.0,19.0,4.3,-18.51,63.5,4.7,12.0,2.2,88.6,30,72,67,5.3,5.8,430,1703,12,4.0,15.79,1830,1662,137,68,0,-2.0,0.40000000000000036,0.7000000000000002,-11,-4.4,-1.1000000000000005,0.2999999999999998,72.52000000000001
2021,Dallas Cowboys,-0.2,530,6919,1153,6.0,20,9,127,1103,31,43.8,9.9,163.43,358,5967,1082,5.5,34,8,121,973,37,32.5,16.7,24.24,68.6,6.2,11.0,1.7,104.8,33.0,4.9,7.5,473.0,2119.0,15.0,4.5,8.5,59.5,3.9,26.0,4.2,76.6,41,114,72,6.3,5.1,429,1918,13,4.5,-6.0,2131,2364,188,106,1,11.299999999999997,2.4000000000000004,0.5,14,6.799999999999999,1.3999999999999995,0.0,139.19
2021,Philadelphia Eagles,-1.0,444,6119,1075,5.7,16,6,107,842,22,43.4,9.2,119.97,385,5590,1076,5.2,16,4,92,824,35,37.2,8.9,-68.27,62.1,4.0,10.0,2.0,89.2,31.0,5.9,6.4,550.0,2715.0,25.0,4.9,64.88,69.4,4.8,12.0,2.0,95.4,29,83,71,4.7,6.1,458,1834,18,4.0,0.68,2193,2046,155,103,1,6.199999999999996,0.3000000000000007,0.5,0,-0.29999999999999893,-1.2000000000000002,0.9000000000000004,188.24
2021,Washington Commanders,1.6,335,5502,1070,5.1,24,9,82,743,35,34.6,13.4,15.8,434,6108,1065,5.7,19,8,96,803,25,42.4,10.7,-125.4,64.7,3.8,15.0,2.7,85.8,43.0,7.3,5.4,477.0,2061.0,13.0,4.3,5.87,67.0,5.7,11.0,1.8,100.8,38,105,60,6.0,7.1,430,1775,14,4.1,3.16,2714,1805,161,99,0,-7.799999999999997,-1.6999999999999993,-0.6000000000000005,-5,-2.700000000000001,-1.2999999999999998,0.20000000000000018,141.20000000000002
2021,New York Giants,1.0,258,4884,1050,4.7,30,10,88,674,38,27.5,15.9,-100.13,416,6032,1137,5.3,22,7,107,814,23,41.3,12.0,-76.83,59.2,2.5,20.0,3.4,70.1,38.0,6.0,4.1,419.0,1688.0,8.0,4.0,-17.28,65.8,4.4,15.0,2.5,89.0,34,79,53,5.3,5.7,492,2193,15,4.5,-27.69,2120,1919,134,95,0,-13.799999999999997,-1.6000000000000005,-0.5999999999999996,-8,-3.9000000000000004,-0.7000000000000002,-0.5,-23.299999999999997
2021,Green Bay Packers,-0.2,450,6215,1072,5.8,13,6,69,678,31,44.5,6.4,185.17,371,5579,1037,5.4,26,8,88,718,23,36.6,14.0,-67.13,67.8,6.6,7.0,1.2,107.4,33.0,5.3,7.6,446.0,1900.0,13.0,4.3,22.36,62.9,5.1,18.0,3.0,86.9,39,94,52,6.1,5.5,395,1855,13,4.7,-37.37,2072,2059,167,87,1,7.899999999999999,2.0999999999999996,0.39999999999999947,13,7.6,0.7999999999999998,-0.40000000000000036,252.29999999999998
2021,Minnesota Vikings,0.3,425,6168,1083,5.7,13,6,111,1043,27,39.3,6.6,72.05,426,6522,1152,5.7,24,8,93,786,36,40.2,11.9,-86.3,65.9,5.6,7.0,1.2,101.6,30.0,4.7,7.3,449.0,1930.0,10.0,4.3,-36.93,64.1,4.6,16.0,2.6,91.4,51,100,61,7.5,6.1,475,2222,15,4.7,-44.57,2441,2212,187,109,0,-0.9000000000000057,1.2000000000000002,0.0,11,5.300000000000001,2.8,-0.40000000000000036,158.35
2021,Chicago Bears,0.5,311,5225,1075,4.9,29,9,106,919,34,31.5,15.2,-40.89,407,5384,1009,5.3,16,8,93,856,35,40.4,8.4,-77.49,61.3,3.0,20.0,3.7,75.5,58.0,9.7,4.4,475.0,2018.0,14.0,4.2,18.64,65.8,6.5,8.0,1.7,103.3,49,83,77,9.3,6.7,483,2127,14,4.4,-1.0,1934,1685,126,106,0,-8.899999999999999,-2.3,-0.39999999999999947,-13,-6.799999999999999,-0.3999999999999986,-0.20000000000000018,36.599999999999994
2021,Detroit Lions,0.6,325,5484,1056,5.2,23,9,105,824,32,34.3,12.9,6.87,467,6456,1092,5.9,19,8,87,818,26,47.8,10.6,-176.03,66.8,3.9,14.0,2.4,88.1,36.0,5.7,5.4,427.0,1886.0,12.0,4.4,-21.1,66.0,5.7,11.0,2.0,101.0,30,63,58,5.2,7.5,518,2296,19,4.4,-25.93,2458,1896,124,132,0,-13.5,-2.0999999999999996,-0.7000000000000002,-4,-2.3000000000000007,-0.5,0.0,182.9
2021,Tampa Bay Buccaneers,-0.7,511,6901,1139,6.1,19,7,97,874,25,44.3,9.8,214.94,353,5635,1093,5.2,29,12,79,635,36,33.5,14.7,-14.28,67.3,5.9,12.0,1.6,101.6,23.0,3.1,7.4,385.0,1672.0,18.0,4.3,27.96,65.4,3.8,17.0,2.5,85.6,47,127,81,6.5,5.3,366,1573,11,4.3,0.17,2451,2420,219,120,1,10.799999999999997,2.1000000000000005,0.8999999999999995,10,4.899999999999999,3.4,0.0,229.22
2021,New Orleans Saints,0.3,364,5177,1051,4.9,18,5,98,811,29,33.7,8.7,-11.97,335,5410,1064,5.1,25,7,89,761,35,32.3,12.8,43.03,58.1,5.8,13.0,2.6,87.4,37.0,6.8,5.9,510.0,1991.0,12.0,3.9,-15.55,62.3,3.4,18.0,3.0,81.7,46,113,88,7.2,5.3,426,1589,12,3.7,35.22,2143,1988,166,108,0,1.4000000000000057,0.6000000000000005,-0.1999999999999993,7,4.100000000000001,0.40000000000000036,0.19999999999999973,-55.0
2021,Atlanta Falcons,0.1,313,5164,1006,5.1,26,11,92,753,35,32.8,14.7,-18.38,459,6194,1114,5.6,20,8,118,956,26,44.7,11.2,-136.74,65.8,3.5,15.0,2.6,86.6,40.0,6.5,5.6,393.0,1451.0,11.0,3.7,-38.99,67.8,5.4,12.0,2.1,97.4,18,59,58,3.0,6.8,519,2242,19,4.3,-30.17,2143,1905,105,120,0,-11.900000000000006,-1.2000000000000002,-0.5,-6,-3.5,-3.5,-0.5999999999999996,118.36000000000001
2021,Carolina Panthers,0.4,304,5081,1106,4.6,29,8,107,864,30,29.2,14.9,-92.1,404,5201,1028,5.1,16,7,108,896,29,37.6,8.1,-9.14,58.1,2.3,21.0,3.5,68.5,52.0,8.0,4.0,455.0,1842.0,17.0,4.0,-0.64,65.4,5.0,9.0,1.7,95.0,39,94,84,7.0,6.1,474,1935,16,4.1,13.54,1957,1602,149,106,0,-8.400000000000002,-2.0999999999999996,-0.5,-13,-6.800000000000001,-1.0,-0.09999999999999964,-82.96
2021,Los Angeles Rams,0.1,460,6325,1058,6.0,23,5,76,637,23,45.9,12.2,146.41,372,5863,1118,5.2,25,6,88,688,22,35.9,13.3,-41.07,66.9,6.8,18.0,3.0,101.6,31.0,4.9,7.3,420.0,1683.0,10.0,4.0,-16.74,66.6,2.7,19.0,3.0,83.8,50,95,85,7.4,5.3,443,1754,18,4.0,3.51,2680,2758,161,119,1,10.0,2.0,0.7999999999999998,2,1.1000000000000014,2.5,0.0,187.48
2021,Arizona Cardinals,0.3,449,6352,1126,5.6,15,4,114,990,26,44.7,7.8,137.75,366,5597,1028,5.4,27,14,100,896,35,35.6,15.3,-8.05,70.2,4.6,11.0,1.9,100.6,39.0,6.2,6.9,496.0,2076.0,23.0,4.2,14.68,65.4,5.3,13.0,2.3,93.5,41,100,76,6.8,6.1,426,1952,10,4.6,12.75,2317,1784,162,110,1,9.100000000000001,0.8000000000000007,0.1999999999999993,12,7.500000000000001,0.5999999999999996,-0.39999999999999947,145.8
2021,San Francisco 49ers,0.1,427,6387,1046,6.1,24,10,102,1066,31,41.2,11.5,135.41,365,5270,1032,5.1,20,11,94,793,41,34.4,9.3,-50.56,66.7,5.1,14.0,2.7,99.2,33.0,6.0,7.5,499.0,2166.0,22.0,4.3,-4.79,68.3,4.6,9.0,1.7,97.0,48,103,98,8.1,6.1,439,1760,17,4.0,25.01,2539,2136,151,99,1,6.800000000000004,1.4000000000000004,1.0,-4,-2.1999999999999993,2.0999999999999996,0.2999999999999998,185.97
2021,Seattle Seahawks,0.2,395,5506,954,5.8,13,6,97,803,30,34.8,7.0,99.28,366,6445,1201,5.4,18,7,96,919,36,35.4,8.5,-97.48,65.5,6.1,7.0,1.4,103.1,46.0,8.5,6.9,413.0,2074.0,18.0,5.0,47.42,67.3,3.6,11.0,1.7,93.6,34,93,70,4.9,6.5,509,1932,16,3.8,27.0,2174,2540,159,113,0,-0.6000000000000014,0.40000000000000036,0.39999999999999947,5,1.5,-3.5999999999999996,1.2000000000000002,196.76
2021,Buffalo Bills,-1.6,483,6493,1143,5.7,22,6,113,980,28,45.2,11.3,151.07,289,4637,1014,4.6,30,11,102,844,39,28.0,14.5,78.28,63.4,5.5,16.0,2.4,91.3,27.0,4.0,6.3,461.0,2209.0,20.0,4.8,35.99,56.0,2.3,19.0,3.6,65.3,42,91,92,7.3,3.8,442,1866,19,4.2,10.83,1724,1916,186,118,1,17.200000000000003,2.5,1.1000000000000005,8,3.1999999999999993,3.3,0.5999999999999996,72.78999999999999
2021,New England Patriots,-0.9,462,6008,1052,5.7,23,10,95,854,36,48.0,12.6,117.44,303,5284,1038,5.1,30,7,100,831,21,29.4,16.9,35.53,68.0,4.5,13.0,2.4,95.5,28.0,5.0,6.7,489.0,2151.0,24.0,4.4,20.38,59.3,3.9,23.0,4.3,73.3,36,86,60,6.3,4.5,464,2103,9,4.5,4.76,2042,1669,154,95,1,18.6,2.2,0.6000000000000005,7,4.299999999999999,1.2999999999999998,-0.09999999999999964,81.91
2021,Miami Dolphins,-0.8,341,5219,1097,4.8,26,12,105,825,32,30.1,12.4,-11.96,373,5738,1081,5.3,26,12,109,991,32,36.3,13.0,-16.12,65.7,3.4,14.0,2.3,85.4,40.0,6.1,5.3,442.0,1568.0,12.0,3.5,-45.53,61.3,3.8,14.0,2.3,85.4,48,129,74,7.3,5.6,425,1867,16,4.4,-5.29,2262,1985,193,118,0,-6.199999999999996,-0.2999999999999998,-0.5,0,0.5999999999999996,1.2000000000000002,-0.9000000000000004,4.16
2021,New York Jets,1.0,310,5208,1036,5.0,27,7,103,860,28,29.4,14.4,-32.71,504,6760,1145,5.9,14,7,84,814,38,48.9,7.4,-193.85,59.2,3.3,20.0,3.3,76.0,53.0,8.1,4.6,380.0,1667.0,14.0,4.4,15.63,68.3,4.8,7.0,1.2,103.2,33,88,71,5.3,7.5,525,2351,28,4.5,-3.91,2431,2249,138,122,0,-19.5,-2.9000000000000004,-0.9000000000000004,-13,-7.0,-2.8,-0.09999999999999964,161.14
2021,Cincinnati Bengals,-1.9,460,6145,1046,5.9,21,7,72,620,33,42.6,10.0,108.84,376,5964,1075,5.5,21,8,116,946,19,33.9,11.1,-33.18,69.2,6.5,14.0,2.5,106.9,55.0,9.0,7.4,436.0,1742.0,16.0,4.0,-18.53,67.1,4.2,13.0,2.1,93.1,42,99,80,6.3,6.2,407,1742,15,4.3,-2.03,3118,2455,170,108,1,8.700000000000003,1.2000000000000002,0.40000000000000036,0,1.0999999999999996,-2.7,-0.2999999999999998,142.02
2021,Pittsburgh Steelers,0.8,343,5361,1113,4.8,20,9,106,831,34,34.7,9.5,-12.43,398,6139,1116,5.5,22,9,123,1017,24,38.7,10.8,-39.71,64.0,3.5,11.0,1.7,85.3,38.0,5.4,5.3,411.0,1583.0,10.0,3.9,-13.85,63.1,4.3,13.0,2.3,88.7,55,106,94,8.9,5.7,498,2483,17,5.0,-36.71,2310,2050,170,125,1,-4.0,-0.40000000000000036,-0.7000000000000002,2,1.3000000000000007,3.5,-1.1,27.28
2021,Cleveland Browns,0.0,349,5791,1054,5.5,22,8,112,1035,27,32.2,12.4,58.49,371,5296,1056,5.0,19,6,98,882,35,37.4,9.9,-54.54,61.5,4.0,14.0,2.7,84.6,49.0,8.6,5.5,485.0,2471.0,20.0,5.1,54.65,63.7,5.0,13.0,2.3,89.4,43,102,76,6.9,5.5,437,1857,13,4.2,-20.07,1800,1912,155,118,0,-5.199999999999996,0.0,0.5,-3,-2.5,-1.6999999999999993,0.8999999999999995,113.03
2021,Baltimore Ravens,0.0,387,6440,1185,5.4,26,8,102,852,26,38.5,13.3,59.67,392,6178,1033,6.0,15,6,98,882,27,34.2,7.9,-107.49,64.8,3.4,18.0,2.9,84.4,57.0,8.5,5.3,517.0,2479.0,18.0,4.8,47.6,63.9,5.0,9.0,1.4,99.4,34,96,76,5.2,7.6,378,1436,13,3.8,36.77,2500,2467,154,115,0,4.299999999999997,-2.3,-0.5999999999999996,-11,-5.4,-3.3,1.0,167.16
2021,Tennessee Titans,-0.4,419,5822,1133,5.1,25,11,103,973,34,38.9,13.0,82.34,354,5607,1039,5.4,22,6,118,1070,37,37.1,10.8,-31.73,67.1,4.1,14.0,2.6,90.0,47.0,8.1,5.5,551.0,2404.0,23.0,4.4,25.95,62.9,3.8,16.0,2.5,86.4,43,94,69,6.4,5.9,368,1438,14,3.9,6.7,2416,2341,169,94,1,1.7999999999999972,-0.40000000000000036,-0.3000000000000007,-3,-2.1999999999999993,-1.6999999999999993,0.5000000000000004,114.07000000000001
2021,Indianapolis Colts,-0.6,451,5901,1052,5.6,19,11,76,688,33,43.3,8.9,127.06,365,5834,1050,5.6,33,14,109,978,20,35.4,17.1,-49.31,62.2,5.2,8.0,1.5,93.5,32.0,5.8,6.4,499.0,2540.0,22.0,5.1,60.03,65.3,5.4,19.0,3.2,90.5,33,86,56,5.2,6.0,420,1854,10,4.4,9.34,2323,1848,120,90,0,7.899999999999999,0.40000000000000036,0.0,14,8.200000000000001,-0.5999999999999996,0.6999999999999993,176.37
2021,Houston Texans,0.4,280,4727,1010,4.7,22,7,114,978,27,26.6,11.2,-74.29,452,6535,1101,5.9,25,8,89,790,29,42.9,12.2,-143.17,64.8,3.8,15.0,2.7,85.2,44.0,7.5,5.2,420.0,1422.0,8.0,3.4,-58.45,66.5,4.9,17.0,3.1,94.1,32,70,81,5.5,6.7,523,2418,25,4.6,-21.18,2597,1745,124,124,0,-16.299999999999997,-1.5,-1.2000000000000002,3,1.0,-2.0,-1.1999999999999997,68.87999999999998
2021,Jacksonville Jaguars,0.6,253,5191,1028,5.0,29,12,104,856,34,26.4,15.7,-42.52,457,6002,1068,5.6,9,2,104,879,29,45.3,5.2,-154.57,59.8,2.0,17.0,2.8,72.1,32.0,5.0,4.6,392.0,1755.0,13.0,4.5,-20.66,69.4,4.4,7.0,1.3,100.8,32,83,63,5.6,7.0,493,2127,22,4.3,-25.13,2247,1864,146,130,0,-18.9,-2.4000000000000004,-0.5999999999999996,-20,-10.5,0.5999999999999996,0.20000000000000018,112.04999999999998
2021,Kansas City Chiefs,0.6,480,6746,1134,5.9,25,12,111,925,33,48.2,13.7,201.78,364,6272,1060,5.9,29,14,116,911,33,37.3,16.0,-100.11,66.4,5.5,13.0,1.9,98.1,28.0,4.0,7.0,431.0,1955.0,16.0,4.5,32.94,65.7,4.4,15.0,2.5,92.0,31,91,56,4.8,6.5,419,1999,15,4.8,-20.58,2469,2793,178,93,1,10.900000000000006,0.5,0.0,4,2.3000000000000007,0.7999999999999998,-0.2999999999999998,301.89
2021,Las Vegas Raiders,0.6,374,6184,1082,5.7,24,10,124,1104,37,41.0,12.8,74.24,439,5732,1103,5.2,15,9,99,1021,38,41.6,7.3,-130.39,68.3,3.7,14.0,2.2,93.8,40.0,6.0,6.6,414.0,1617.0,14.0,3.9,-37.53,66.0,4.8,6.0,1.0,96.4,35,114,65,5.5,6.4,462,1943,18,4.2,11.84,2410,1801,165,109,1,-0.6000000000000014,0.1999999999999993,0.5,-9,-5.500000000000001,-0.5,-0.30000000000000027,204.63
2021,Los Angeles Chargers,0.2,474,6634,1128,5.9,22,7,116,1033,33,45.7,12.0,164.91,459,6122,1103,5.6,21,10,99,835,40,45.3,11.2,-122.86,65.7,5.6,15.0,2.2,97.4,31.0,4.4,6.9,423.0,1834.0,18.0,4.3,10.08,63.9,4.8,11.0,2.0,93.0,35,89,65,5.9,6.4,509,2361,22,4.6,-41.6,2060,1928,156,127,0,0.4000000000000057,0.5,0.3000000000000007,-1,-0.8000000000000007,1.5,-0.2999999999999998,287.77
2021,Denver Broncos,-1.3,335,5618,1036,5.4,18,9,83,711,28,36.9,9.5,61.32,322,5544,1039,5.3,19,6,104,922,21,32.7,10.7,-36.14,65.4,3.7,9.0,1.7,91.7,40.0,6.9,6.2,455.0,2025.0,16.0,4.5,-12.92,60.7,3.9,13.0,2.3,85.0,36,83,65,6.0,5.9,441,1892,9,4.3,-6.12,1994,1907,164,84,0,4.199999999999996,0.2999999999999998,0.10000000000000053,1,1.1999999999999993,-0.9000000000000004,0.20000000000000018,97.46000000000001
2022,Buffalo Bills,0.4,455,6361,1037,6.1,27,13,92,709,27,45.0,15.2,156.35,286,5106,997,5.1,27,10,89,754,29,31.0,14.3,10.93,62.9,6.1,14.0,2.4,95.8,33.0,5.4,6.9,430.0,2232.0,15.0,5.2,27.86,63.5,3.7,17.0,3.0,82.1,40,98,93,6.6,5.1,387,1673,10,4.3,5.47,2276,1901,142,77,1,14.0,1.8000000000000007,1.0,0,-0.8999999999999986,1.1999999999999993,0.9000000000000004,145.42
2022,Miami Dolphins,2.0,397,6197,1009,6.1,21,6,111,881,29,38.8,11.8,94.62,399,5743,1086,5.3,14,6,84,799,38,37.5,7.6,-68.82,63.0,5.1,15.0,2.6,95.0,35.0,5.7,7.2,390.0,1686.0,12.0,4.3,-1.07,66.7,4.3,8.0,1.3,95.3,40,101,75,6.0,6.3,422,1751,15,4.1,-1.83,2510,2124,152,78,1,1.2999999999999972,0.9000000000000004,0.7999999999999998,-7,-4.200000000000001,0.2999999999999998,0.20000000000000018,163.44
2022,New England Patriots,1.0,364,5348,1006,5.3,23,9,104,841,24,32.8,12.0,-25.81,347,5474,1091,5.0,30,11,89,699,30,30.5,14.2,55.35,66.3,3.5,14.0,2.6,87.7,41.0,7.1,5.7,425.0,1812.0,12.0,4.3,-30.44,61.1,4.7,19.0,3.2,83.5,54,93,72,8.3,5.2,441,1793,7,4.1,15.97,2290,1713,163,73,0,2.299999999999997,0.5,0.2999999999999998,7,2.1999999999999993,1.200000000000001,0.20000000000000018,-81.16
2022,New York Jets,2.0,296,5409,1074,5.0,23,9,91,866,24,29.9,11.9,-47.59,316,5288,1093,4.8,16,4,90,707,27,32.3,8.3,25.96,56.9,2.4,14.0,2.2,75.0,42.0,6.3,5.1,405.0,1686.0,13.0,4.2,-8.5,62.4,2.7,12.0,2.2,80.5,45,130,81,7.5,5.0,492,2068,14,4.2,14.66,1766,1757,160,68,0,-2.3999999999999986,0.09999999999999964,0.20000000000000018,-7,-3.5999999999999996,1.2000000000000002,0.0,-73.55000000000001
2022,Cincinnati Bengals,0.9,418,5768,1053,5.5,18,6,81,623,40,41.5,9.7,120.83,322,5371,996,5.4,24,11,100,832,20,36.4,13.1,-9.41,68.5,5.7,12.0,2.0,101.0,44.0,6.7,6.7,399.0,1528.0,14.0,3.8,-3.1,58.9,3.0,13.0,2.3,80.1,30,102,57,5.1,5.8,407,1706,12,4.2,-6.85,2575,2025,136,69,1,5.100000000000001,0.9000000000000004,0.09999999999999964,6,3.4000000000000004,-1.6000000000000005,-0.40000000000000036,130.24
2022,Baltimore Ravens,1.1,350,5760,1052,5.5,21,8,82,678,21,38.9,11.7,49.94,315,5513,1047,5.3,25,11,79,650,26,35.8,13.9,-31.68,61.5,3.9,13.0,2.7,82.5,38.0,7.2,5.4,526.0,2720.0,14.0,5.2,56.1,66.4,3.4,14.0,2.4,88.7,48,95,77,7.5,5.8,406,1566,11,3.9,15.07,2497,1960,128,79,1,3.1000000000000014,-0.39999999999999947,0.20000000000000018,4,2.200000000000001,0.2999999999999998,1.3000000000000003,81.62
2022,Pittsburgh Steelers,1.5,308,5484,1109,4.9,19,5,94,711,27,35.0,9.6,42.17,346,5617,1024,5.5,23,3,96,717,23,37.3,13.0,-47.1,63.7,2.1,14.0,2.5,78.7,38.0,6.2,5.0,500.0,2073.0,16.0,4.1,24.47,61.3,5.4,20.0,3.7,86.8,40,84,68,6.9,5.9,442,1838,7,4.2,13.16,2375,1691,108,68,0,-2.299999999999997,-0.9000000000000004,-0.5999999999999996,4,3.4000000000000004,0.7000000000000002,-0.10000000000000053,89.27000000000001
2022,Cleveland Browns,1.1,361,5934,1116,5.3,21,9,102,865,26,34.6,11.2,58.03,381,5631,1041,5.4,20,9,88,714,34,38.5,10.2,-57.92,62.0,3.5,12.0,2.2,84.9,44.0,7.5,5.6,532.0,2490.0,19.0,4.7,42.95,60.7,3.9,11.0,2.1,85.2,34,66,69,6.1,5.9,488,2295,22,4.7,-34.44,1895,1647,103,76,0,-3.8999999999999986,-0.3000000000000007,-0.10000000000000053,-1,-1.0,-1.4000000000000004,0.0,115.95
2022,Jacksonville Jaguars,-1.4,404,6075,1072,5.7,22,13,90,674,30,39.2,12.2,95.22,350,6006,1106,5.4,27,13,90,683,25,36.1,14.4,-35.25,66.1,4.2,9.0,1.5,93.9,28.0,4.5,6.5,448.0,2116.0,16.0,4.7,-2.63,64.1,4.2,14.0,2.3,89.1,35,113,80,5.5,6.2,470,1951,14,4.2,3.69,2424,2295,168,82,1,3.1000000000000014,0.2999999999999998,0.2999999999999998,5,2.200000000000001,1.0,0.5,130.47
2022,Tennessee Titans,0.0,298,5045,992,5.1,23,12,111,956,20,27.9,10.5,-27.22,359,5978,1100,5.4,20,6,115,836,31,33.9,10.6,-52.12,62.5,3.5,11.0,2.4,85.3,49.0,9.7,5.4,487.0,2131.0,16.0,4.4,-6.24,65.4,4.3,14.0,2.1,93.0,39,104,77,5.5,6.5,390,1307,9,3.4,32.7,2807,2117,156,86,0,-6.0,-1.0999999999999996,-0.3000000000000007,-3,0.09999999999999964,-4.199999999999999,1.0000000000000004,24.9
2022,Indianapolis Colts,-0.5,289,5298,1103,4.8,34,14,89,794,26,29.2,16.9,-110.46,427,5678,1092,5.2,21,11,89,725,33,36.0,10.2,-51.07,65.9,2.8,20.0,3.3,79.2,60.0,9.0,4.3,439.0,1866.0,8.0,4.3,-39.04,68.0,4.7,10.0,1.9,96.2,44,90,91,7.6,6.2,511,2109,20,4.1,6.68,1775,2061,134,85,0,-6.800000000000001,-1.9000000000000004,-0.40000000000000036,-13,-6.699999999999999,-1.4000000000000004,0.20000000000000018,-59.38999999999999
2022,Houston Texans,-0.8,289,4820,1015,4.7,28,9,88,644,28,28.8,13.6,-120.59,420,6452,1134,5.7,27,11,95,773,26,35.2,11.9,-80.38,60.8,3.5,19.0,3.3,76.8,38.0,6.2,4.7,398.0,1476.0,7.0,3.7,-45.95,64.4,2.9,16.0,3.1,82.7,39,78,95,7.0,5.6,573,2894,25,5.1,-32.99,2023,1728,119,90,0,-6.400000000000002,-0.8999999999999995,-1.0,-1,-1.6999999999999993,0.7999999999999998,-1.3999999999999995,-40.21000000000001
2022,Kansas City Chiefs,-1.2,496,7032,1094,6.4,23,11,87,838,31,46.4,10.1,239.21,369,5579,1093,5.1,20,9,98,734,28,35.9,10.3,-40.58,66.8,6.3,12.0,1.8,104.7,26.0,3.8,7.9,417.0,1970.0,18.0,4.7,48.92,65.9,5.3,11.0,1.8,95.3,55,118,89,8.2,5.8,419,1823,10,4.4,-9.19,2559,2376,178,82,1,10.5,2.1000000000000005,1.3000000000000007,-3,0.20000000000000107,4.3999999999999995,0.2999999999999998,279.79
2022,Los Angeles Chargers,-1.3,391,6108,1154,5.3,19,9,81,635,27,38.1,9.5,72.46,384,5884,1002,5.9,24,10,80,762,24,37.2,11.2,-81.43,68.2,3.7,10.0,1.4,93.3,39.0,5.2,6.2,404.0,1524.0,15.0,3.8,6.91,61.4,4.8,14.0,2.8,88.0,40,77,77,7.3,6.0,457,2478,17,5.4,-48.54,2292,1676,113,65,1,0.8999999999999986,0.20000000000000018,-0.6000000000000005,5,1.6999999999999993,2.0999999999999996,-1.6000000000000005,153.89
2022,Las Vegas Raiders,-1.1,395,5993,1049,5.7,21,4,113,932,28,42.4,12.2,74.09,418,6216,1077,5.8,13,7,93,758,28,40.8,7.3,-132.08,61.3,4.8,17.0,2.9,86.7,35.0,5.6,6.0,428.0,2059.0,12.0,4.8,16.26,67.6,4.2,6.0,1.0,98.8,27,94,68,4.4,7.1,460,2087,20,4.5,-16.21,2219,2101,124,69,0,1.6000000000000014,-1.0999999999999996,-0.09999999999999964,-8,-4.8999999999999995,-1.1999999999999993,0.2999999999999998,206.17000000000002
2022,Denver Broncos,-0.7,287,5527,1078,5.1,24,9,113,970,29,28.6,10.6,-41.62,359,5440,1079,5.0,23,8,106,922,35,35.9,10.6,7.24,60.4,3.2,15.0,2.6,81.2,63.0,9.9,5.2,444.0,1935.0,11.0,4.4,-14.05,64.8,3.3,15.0,2.5,83.1,36,81,64,5.6,5.1,438,1866,12,4.3,6.71,1741,2040,123,98,0,-7.299999999999997,0.10000000000000053,0.09999999999999964,-1,0.0,-4.300000000000001,0.10000000000000053,-48.86
2022,Philadelphia Eagles,-1.3,477,6614,1124,5.9,19,10,90,682,29,42.5,10.2,175.61,344,5125,1072,4.8,27,10,95,798,24,32.4,15.1,15.1,65.3,4.7,9.0,1.7,99.0,44.0,7.6,7.2,544.0,2509.0,32.0,4.6,82.95,62.9,4.0,17.0,3.1,81.6,70,124,97,11.2,4.4,446,2068,15,4.6,-45.67,2051,1906,168,68,1,10.100000000000001,2.8,1.1000000000000005,8,4.9,3.5999999999999996,0.0,160.51000000000002
2022,Dallas Cowboys,-0.8,467,6034,1114,5.4,23,5,104,842,24,41.5,10.8,93.24,342,5613,1101,5.1,33,17,98,851,34,33.5,16.2,36.12,63.8,5.0,18.0,3.2,87.9,27.0,4.6,6.0,531.0,2298.0,24.0,4.3,17.93,62.7,4.2,16.0,2.9,84.7,54,110,93,8.9,5.2,497,2198,9,4.4,6.8,2252,2080,162,64,1,8.0,0.7999999999999998,0.3000000000000007,10,5.399999999999999,4.300000000000001,-0.10000000000000053,57.12
2022,New York Giants,0.0,365,5676,1089,5.2,16,10,106,827,32,37.3,7.3,63.32,371,6089,1078,5.6,19,13,111,819,36,39.8,8.8,-87.62,66.5,3.3,6.0,1.2,91.1,49.0,8.6,5.7,520.0,2519.0,21.0,4.8,59.84,61.4,3.7,6.0,1.1,89.9,41,106,73,6.7,6.2,469,2451,16,5.2,-55.88,2271,2061,155,49,1,-2.5,-0.5,-0.39999999999999947,3,1.5000000000000009,-1.8999999999999995,-0.40000000000000036,150.94
2022,Washington Commanders,0.4,321,5615,1140,4.9,23,7,92,805,31,29.4,11.7,-24.27,343,5178,998,5.2,18,9,85,707,29,31.5,7.6,7.28,62.1,4.3,16.0,2.9,84.7,48.0,8.0,5.4,538.0,2143.0,9.0,4.0,-10.65,59.9,5.1,9.0,1.8,90.2,43,107,88,7.7,6.0,441,1926,10,4.4,19.8,1995,1535,137,49,0,-2.1000000000000014,-0.5999999999999996,-0.2999999999999998,-5,-4.1,-0.2999999999999998,-0.40000000000000036,-31.55
2022,Minnesota Vikings,0.1,424,6145,1123,5.5,23,8,88,684,45,36.0,11.7,75.78,427,6608,1118,5.9,25,10,111,926,22,41.1,12.0,-80.0,66.7,4.5,15.0,2.2,93.1,47.0,6.5,6.1,404.0,1661.0,18.0,4.1,-16.78,66.1,3.7,15.0,2.4,91.6,38,88,81,5.8,6.6,463,2093,18,4.5,-7.75,2646,2390,135,64,1,-5.100000000000001,-0.5,-0.40000000000000036,2,0.3000000000000007,-0.7000000000000002,-0.40000000000000036,155.78
2022,Detroit Lions,0.7,453,6460,1092,5.9,15,8,90,773,34,43.2,8.0,162.04,427,6670,1076,6.2,22,10,103,818,33,41.2,11.9,-159.66,65.1,4.9,7.0,1.2,99.3,24.0,3.9,7.4,480.0,2179.0,23.0,4.5,-6.74,63.0,4.6,12.0,2.1,94.2,39,100,76,6.5,6.9,477,2491,22,5.2,-67.67,2777,1634,149,63,0,2.0,0.5,-0.2999999999999998,7,3.9000000000000004,2.6,-0.7000000000000002,321.7
2022,Green Bay Packers,0.4,370,5745,1051,5.5,22,10,89,747,32,36.2,11.3,68.9,371,5721,991,5.8,24,7,100,916,29,38.2,13.9,-63.86,64.7,4.8,12.0,2.1,91.9,32.0,5.4,6.1,456.0,2113.0,12.0,4.6,22.33,65.7,4.6,17.0,3.6,88.3,34,87,68,6.6,5.9,479,2372,18,5.0,-43.83,1927,1589,126,59,0,-2.0,0.1999999999999993,-0.2999999999999998,2,2.5999999999999996,1.1999999999999993,-0.40000000000000036,132.76
2022,Chicago Bears,1.6,326,5233,993,5.3,25,10,80,754,21,34.3,12.7,-7.14,463,6390,1043,6.1,23,9,84,647,26,41.8,11.9,-169.13,59.2,5.0,15.0,4.0,80.3,58.0,13.3,4.4,558.0,3014.0,18.0,5.4,69.64,67.2,4.6,14.0,2.9,94.4,20,43,67,4.0,7.0,542,2674,31,4.9,-46.52,1973,1867,85,74,0,-7.5,-2.5999999999999996,-0.7999999999999998,-2,-0.7999999999999989,-9.3,0.5,161.99
2022,Tampa Bay Buccaneers,0.4,313,5894,1159,5.1,22,12,99,793,27,32.0,10.3,3.03,358,5513,1073,5.1,20,10,97,863,25,33.0,10.2,-11.33,66.4,3.5,10.0,1.3,89.8,22.0,2.8,6.0,386.0,1308.0,5.0,3.4,-62.09,63.9,5.1,10.0,1.8,92.7,45,104,89,7.3,5.8,458,2052,12,4.5,14.19,2182,1888,141,68,1,-1.0,0.20000000000000018,0.0,-2,-0.10000000000000142,4.5,-1.1,14.36
2022,Carolina Panthers,-0.6,347,5206,976,5.3,21,8,104,862,24,35.3,9.6,-5.06,374,5953,1103,5.4,17,7,105,866,27,34.2,8.3,-52.04,58.4,3.5,13.0,2.8,80.2,36.0,7.3,5.5,483.0,2210.0,16.0,4.6,26.76,66.0,4.3,10.0,1.7,93.7,35,91,88,5.7,6.4,488,2085,17,4.3,10.22,2434,1664,126,72,0,1.0999999999999943,-0.9000000000000004,-0.10000000000000053,-4,-1.299999999999999,-1.5999999999999996,0.2999999999999998,46.98
2022,New Orleans Saints,-0.3,330,5674,1015,5.6,25,11,99,841,21,31.7,12.9,17.3,345,5352,1076,5.0,14,7,92,798,38,34.8,7.1,-30.6,66.0,4.7,14.0,2.7,93.6,38.0,6.9,6.4,465.0,1982.0,12.0,4.3,-26.09,60.1,3.2,7.0,1.3,83.8,48,87,77,8.2,5.4,492,2218,14,4.5,-16.64,1753,1660,106,74,0,-3.099999999999998,1.0,0.5999999999999996,-11,-5.800000000000001,1.299999999999999,-0.20000000000000018,47.900000000000006
2022,Atlanta Falcons,-0.9,365,5417,1011,5.4,21,12,68,594,30,39.5,11.4,73.69,386,6156,1082,5.7,17,7,100,804,15,43.5,10.0,-123.5,61.9,4.1,9.0,2.2,87.7,37.0,8.2,5.8,559.0,2718.0,17.0,4.9,46.17,66.3,4.6,10.0,1.8,95.7,21,69,57,3.6,6.9,500,2214,15,4.4,-24.68,2297,1793,88,54,0,-4.0,-1.1000000000000005,-0.2999999999999998,-4,-1.4000000000000004,-4.6,0.5,197.19
2022,San Francisco 49ers,-2.3,450,6216,1047,5.9,17,8,94,730,27,41.4,9.1,142.9,277,5110,1026,5.0,30,10,96,832,26,25.7,15.3,68.11,66.0,5.9,9.0,1.8,102.3,31.0,5.7,7.5,504.0,2360.0,20.0,4.7,6.41,65.6,3.4,20.0,3.4,82.7,44,121,77,6.9,5.2,389,1321,11,3.4,27.33,2541,2084,152,64,1,15.7,2.3,0.9000000000000004,13,6.200000000000001,1.2000000000000002,1.3000000000000003,74.79
2022,Seattle Seahawks,-0.8,407,5976,1044,5.7,23,11,106,854,34,40.6,11.2,57.19,401,6149,1117,5.5,25,11,98,818,29,37.2,12.2,-85.57,69.6,5.2,12.0,2.1,100.0,46.0,7.4,6.5,425.0,2042.0,12.0,4.8,8.52,62.7,4.2,14.0,2.6,87.3,45,98,75,7.6,5.8,525,2554,21,4.9,-36.77,1937,2286,130,77,1,3.3999999999999986,0.7000000000000002,0.20000000000000018,2,1.0,0.1999999999999993,-0.10000000000000053,142.76
2022,Los Angeles Rams,0.5,307,4769,1001,4.8,23,8,76,655,23,33.5,13.1,-7.51,384,5798,1049,5.5,22,6,82,691,22,41.0,12.1,-75.59,65.3,3.0,15.0,2.8,82.3,59.0,10.0,4.7,411.0,1661.0,15.0,4.0,3.23,67.4,4.1,16.0,2.9,90.8,38,80,68,6.4,6.0,455,1956,12,4.3,-0.2,2101,1991,111,67,0,-7.5,-1.2999999999999998,-0.7000000000000002,-1,-1.0,-3.5999999999999996,-0.2999999999999998,68.08
2022,Arizona Cardinals,0.2,340,5499,1144,4.8,25,8,118,916,22,32.1,12.8,-36.27,449,5931,1075,5.5,20,9,94,757,21,41.6,10.5,-81.73,65.2,2.6,17.0,2.6,79.2,46.0,6.5,4.5,434.0,1873.0,15.0,4.3,16.79,69.8,4.9,11.0,1.9,98.2,36,106,87,5.7,6.4,446,2016,21,4.5,-7.46,1622,2559,147,83,0,-9.5,-1.9000000000000004,-0.7000000000000002,-5,-2.3000000000000007,-0.7999999999999998,-0.20000000000000018,45.46
2023,Buffalo Bills,-1.8,451,6366,1115,5.7,28,10,106,883,24,41.4,14.9,166.97,311,5222,1015,5.1,30,12,99,753,34,32.0,16.0,15.23,66.5,5.0,18.0,3.1,92.2,24.0,4.0,6.5,512.0,2212.0,22.0,4.3,52.27,65.8,3.3,18.0,3.3,81.9,54,117,85,8.9,4.8,409,1880,14,4.6,-2.6,2201,1903,158,101,1,9.399999999999999,1.7000000000000002,0.6000000000000005,2,1.0999999999999996,4.9,-0.2999999999999998,151.74
2023,Miami Dolphins,-1.8,496,6822,1053,6.5,25,10,97,767,24,43.5,13.4,139.45,391,5411,1057,5.1,27,12,96,719,26,32.1,13.9,-1.01,69.4,5.3,15.0,2.7,101.2,31.0,5.2,7.4,456.0,2308.0,27.0,5.1,7.13,66.9,4.8,15.0,2.6,93.0,56,140,79,9.0,5.8,433,1650,15,3.8,12.94,2381,1989,180,129,1,11.399999999999999,1.6000000000000005,1.4000000000000004,2,0.5,3.8,1.2999999999999998,140.45999999999998
2023,New York Jets,-0.6,268,4566,1053,4.3,33,18,124,945,27,26.0,13.9,-199.77,355,4969,1087,4.6,27,10,93,780,37,31.8,11.8,75.84,59.2,1.8,15.0,2.5,70.5,64.0,9.6,3.7,388.0,1647.0,7.0,4.2,-46.03,60.0,3.6,17.0,3.3,76.0,48,108,100,8.4,4.3,517,2108,14,4.1,20.74,1335,1847,160,117,0,-5.800000000000001,-0.5999999999999996,-0.2999999999999998,-6,-2.0999999999999996,-1.1999999999999993,0.10000000000000053,-275.61
2023,New England Patriots,-0.2,236,4696,1020,4.6,29,8,89,676,15,20.2,14.3,-157.57,366,5127,1091,4.7,18,8,75,544,24,31.5,7.9,25.44,63.0,2.9,21.0,3.8,73.8,48.0,7.9,4.0,415.0,1627.0,9.0,3.9,-23.64,64.3,3.3,10.0,1.7,86.9,36,78,80,5.9,5.7,480,1584,14,3.3,62.77,1986,1801,132,89,0,-11.3,-1.7000000000000002,-0.10000000000000053,-11,-6.4,-2.0,0.6000000000000001,-183.01
2023,Baltimore Ravens,1.2,483,6296,1076,5.9,19,12,102,955,35,43.1,9.6,130.64,280,5123,1109,4.6,31,13,106,841,35,28.7,14.4,107.53,66.4,5.5,7.0,1.4,102.5,41.0,7.7,7.2,541.0,2661.0,26.0,4.9,45.28,60.6,2.8,18.0,2.8,74.6,60,117,89,8.6,4.1,415,1860,6,4.5,12.85,2081,2041,143,92,1,14.400000000000002,3.1000000000000005,1.3000000000000007,12,4.800000000000001,0.8999999999999995,0.40000000000000036,23.109999999999985
2023,Cleveland Browns,1.3,396,5710,1187,4.8,37,14,115,897,31,32.9,16.2,-91.05,362,4593,1004,4.6,28,10,118,923,30,24.8,11.7,105.92,56.9,3.8,23.0,3.7,73.7,45.0,6.7,4.7,518.0,2017.0,15.0,3.9,-27.32,57.4,4.3,18.0,3.4,74.7,49,109,113,8.4,4.2,420,1793,15,4.3,26.59,1580,1807,146,116,1,8.099999999999998,0.5,0.20000000000000018,-9,-4.5,1.7000000000000002,-0.3999999999999999,-196.97
2023,Pittsburgh Steelers,1.9,304,5173,1029,5.0,16,7,86,753,19,29.9,7.7,-14.35,324,5816,1074,5.4,27,11,90,741,30,33.7,14.2,12.14,63.8,2.6,9.0,1.8,84.6,36.0,6.6,5.6,487.0,2010.0,16.0,4.1,-1.47,60.7,4.0,16.0,2.8,84.7,47,107,83,7.6,5.8,454,1956,9,4.3,14.45,2408,1959,150,103,1,-3.8000000000000043,-0.20000000000000018,-0.40000000000000036,11,6.499999999999999,1.0,-0.20000000000000018,-26.490000000000002
2023,Cincinnati Bengals,2.8,366,5422,1048,5.2,16,2,76,614,31,34.6,8.5,41.53,384,6368,1055,6.0,26,9,92,784,23,38.5,13.4,-92.17,68.3,4.4,14.0,2.3,93.0,50.0,7.5,5.7,383.0,1527.0,12.0,4.0,-5.5,65.6,4.1,17.0,3.1,91.4,44,110,75,7.3,6.5,456,2145,17,4.7,-33.94,2479,1993,142,71,0,-3.8999999999999986,-0.7999999999999998,-0.7999999999999998,10,4.9,-0.20000000000000018,-0.7000000000000002,133.7
2023,Houston Texans,-1.0,377,5820,1083,5.4,14,6,114,937,30,37.2,7.3,38.99,353,5622,1079,5.2,24,10,100,805,37,34.7,11.1,-40.05,62.8,4.6,8.0,1.4,96.2,47.0,7.4,6.8,444.0,1647.0,10.0,3.7,-36.63,67.6,3.0,14.0,2.5,90.1,46,113,105,7.5,6.0,468,1643,19,3.5,34.4,2656,2105,166,130,1,2.5,0.7999999999999998,0.20000000000000018,10,3.8,0.09999999999999964,0.20000000000000018,79.03999999999999
2023,Jacksonville Jaguars,1.1,377,5772,1114,5.2,30,16,83,644,39,35.4,14.9,13.64,371,5828,1078,5.4,27,11,108,961,17,32.3,12.8,-8.04,66.5,3.5,14.0,2.3,89.3,41.0,6.2,6.0,453.0,1646.0,17.0,3.6,-47.39,65.5,4.4,16.0,2.6,89.8,40,107,73,6.1,5.9,421,1752,15,4.2,-9.24,2193,2121,157,127,0,3.1000000000000014,0.09999999999999964,-0.20000000000000018,-3,-2.0999999999999996,-0.10000000000000053,-0.6000000000000001,21.68
2023,Indianapolis Colts,-0.2,396,5725,1094,5.2,22,12,95,685,33,35.7,9.2,30.12,415,5947,1137,5.2,24,9,100,843,31,38.9,11.8,-38.18,61.8,3.1,10.0,1.7,85.0,41.0,6.7,5.8,479.0,2059.0,19.0,4.3,-6.31,65.1,3.7,15.0,2.6,88.2,51,108,94,8.2,5.8,518,2105,22,4.1,-11.95,2256,1871,127,98,0,-3.1999999999999957,0.0,0.0,2,2.6000000000000014,1.4999999999999991,0.20000000000000018,68.3
2023,Tennessee Titans,0.4,305,4913,1002,4.9,20,9,110,882,37,32.6,9.4,3.82,367,5697,1096,5.2,14,8,98,776,42,43.2,6.8,-69.25,61.5,2.8,11.0,2.2,83.2,64.0,11.5,5.1,444.0,1846.0,16.0,4.2,-11.1,67.8,3.5,6.0,1.1,96.4,45,84,90,7.3,6.5,480,1831,10,3.8,31.53,2361,1820,122,83,0,-10.600000000000001,-1.4000000000000004,-0.2999999999999998,-6,-2.6000000000000005,-4.2,0.40000000000000036,73.07
2023,Kansas City Chiefs,-0.8,371,5972,1080,5.5,28,11,96,845,27,39.3,14.6,59.01,294,4926,1045,4.7,17,9,73,604,24,28.5,9.5,37.02,66.3,4.4,17.0,2.7,89.6,28.0,4.2,6.0,417.0,1784.0,9.0,4.3,6.08,61.2,3.4,8.0,1.4,83.6,57,125,87,9.3,4.9,432,1925,10,4.5,-14.75,2084,2201,181,76,1,10.799999999999997,1.0999999999999996,0.7999999999999998,-11,-5.1,5.1000000000000005,-0.20000000000000018,21.989999999999995
2023,Las Vegas Raiders,-0.9,332,4922,1010,4.9,24,6,75,629,27,31.8,13.4,-27.95,331,5625,1089,5.2,22,9,96,861,26,33.0,11.4,-22.59,62.5,3.6,18.0,3.2,80.1,40.0,6.7,5.0,413.0,1542.0,11.0,3.7,-39.32,66.7,3.7,13.0,2.3,89.3,46,89,82,7.5,5.6,479,2015,15,4.2,12.66,1574,2326,126,104,0,-1.1999999999999993,-0.5999999999999996,-0.2999999999999998,-2,-2.0,0.7999999999999998,-0.5,-5.359999999999999
2023,Denver Broncos,-0.5,357,5072,1016,5.0,22,13,99,749,31,34.9,10.6,7.68,413,6303,1083,5.8,26,15,99,965,29,40.2,13.0,-91.09,65.7,5.5,9.0,1.8,96.7,52.0,9.2,6.0,451.0,1810.0,8.0,4.0,-0.05,66.8,5.1,11.0,1.9,98.0,42,100,71,6.8,6.6,469,2331,15,5.0,-9.82,2256,2019,117,97,0,-5.300000000000004,-0.5999999999999996,-0.7999999999999998,4,2.4000000000000004,-2.3999999999999995,-1.0,98.77000000000001
2023,Los Angeles Chargers,0.9,346,5599,1106,5.1,21,13,79,725,26,34.7,10.5,-5.38,398,6170,1113,5.5,21,12,104,801,31,36.0,10.1,-92.65,64.7,3.8,8.0,1.3,91.8,43.0,6.4,6.0,431.0,1642.0,11.0,3.8,-42.46,65.1,4.3,9.0,1.5,96.4,48,87,82,7.4,6.8,467,1924,18,4.1,-7.24,2283,2277,133,100,0,-1.2999999999999972,-0.7999999999999998,-0.40000000000000036,0,-0.40000000000000036,1.0,-0.2999999999999998,87.27000000000001
2023,Dallas Cowboys,-2.2,509,6317,1122,5.6,16,6,115,964,43,50.3,8.9,181.25,315,5095,1014,5.0,26,9,104,934,37,32.0,14.6,32.08,69.7,5.9,10.0,1.6,104.6,40.0,6.1,7.1,468.0,1920.0,14.0,4.1,7.99,60.5,4.1,17.0,3.3,80.8,46,99,83,8.3,5.1,459,1910,14,4.2,10.81,1839,1863,127,63,1,18.299999999999997,2.0,0.5999999999999996,10,5.699999999999999,2.200000000000001,-0.10000000000000053,149.17000000000002
2023,Philadelphia Eagles,-0.4,433,6024,1112,5.4,28,12,95,785,31,42.9,15.3,109.97,428,6054,1105,5.5,18,9,107,810,31,41.1,9.7,-106.97,65.5,4.3,16.0,2.8,89.2,39.0,6.5,6.0,510.0,2190.0,22.0,4.3,34.6,65.2,5.4,9.0,1.4,97.6,43,106,73,6.2,6.6,410,1758,13,4.3,-31.26,2614,2271,165,98,1,1.7999999999999972,-0.5999999999999996,-0.09999999999999964,-10,-5.600000000000001,-0.2999999999999998,0.0,216.94
2023,New York Giants,0.4,266,4760,1057,4.5,19,7,89,711,29,23.6,8.5,-130.06,407,6149,1091,5.6,31,13,99,822,27,35.2,14.1,-37.29,65.3,2.9,12.0,2.3,83.4,85.0,14.1,4.4,454.0,1874.0,10.0,4.1,-45.15,63.7,3.6,18.0,3.1,84.1,34,83,76,5.5,5.7,475,2251,24,4.7,-22.38,1851,2306,133,117,0,-11.600000000000001,-1.2999999999999998,-1.0999999999999996,12,5.6,-8.6,-0.6000000000000005,-92.77000000000001
2023,Washington Commanders,0.0,329,5317,1060,5.0,32,11,87,701,32,29.4,15.2,-29.99,518,6612,1117,5.9,18,10,99,828,25,46.8,9.0,-148.31,64.0,3.8,21.0,3.3,81.6,65.0,9.3,4.7,359.0,1592.0,14.0,4.4,6.89,66.2,6.5,8.0,1.3,105.7,39,84,86,6.1,7.7,480,2155,15,4.5,-4.12,2424,2197,111,100,0,-17.4,-3.0,-0.9000000000000004,-14,-6.199999999999999,-3.200000000000001,-0.09999999999999964,118.32000000000001
2023,Detroit Lions,0.4,461,6712,1137,5.9,23,11,97,843,23,40.6,11.8,145.19,395,5714,1037,5.5,23,7,91,788,39,37.3,12.4,-62.6,67.3,5.0,12.0,2.0,98.1,31.0,4.9,7.0,500.0,2311.0,27.0,4.6,21.05,63.1,4.8,16.0,2.7,91.5,41,116,81,6.5,6.4,408,1509,15,3.7,21.32,3246,2254,187,124,1,3.3000000000000043,0.5999999999999996,0.40000000000000036,0,0.5999999999999996,1.5999999999999996,0.8999999999999995,207.79
2023,Green Bay Packers,-0.8,383,5873,1052,5.6,18,7,105,856,26,39.7,9.2,123.35,350,5696,1061,5.4,18,11,95,907,31,38.7,9.8,-60.86,64.4,5.5,11.0,1.9,96.4,30.0,4.9,6.7,441.0,1905.0,10.0,4.3,-7.36,65.4,4.0,7.0,1.3,94.7,45,108,76,7.9,6.4,493,2181,15,4.4,-5.44,2414,2023,149,101,1,1.0,0.2999999999999998,0.1999999999999993,0,0.6000000000000014,3.0,-0.10000000000000053,184.20999999999998
2023,Minnesota Vikings,0.5,344,5912,1071,5.5,34,15,89,670,41,34.1,18.4,42.62,362,5664,1095,5.2,22,11,111,916,16,37.1,11.3,-37.62,67.2,4.8,19.0,3.0,92.4,47.0,6.9,6.1,393.0,1553.0,7.0,4.0,-16.84,70.3,3.8,11.0,1.8,95.2,43,91,70,6.6,6.1,446,1678,14,3.8,17.31,1968,2286,148,100,0,-3.0,0.0,0.2999999999999998,-12,-7.099999999999998,-0.3000000000000007,0.20000000000000018,80.24
2023,Chicago Bears,-0.9,360,5495,1097,5.0,25,10,99,853,16,38.0,13.0,-10.73,379,5511,1035,5.3,28,6,72,530,23,34.2,14.7,-34.58,62.6,3.7,15.0,2.9,82.2,50.0,8.9,5.0,534.0,2399.0,16.0,4.5,32.23,66.5,5.0,22.0,3.6,88.0,30,92,72,4.6,5.7,388,1468,8,3.8,25.81,2097,2144,127,110,0,3.799999999999997,-0.7000000000000002,-0.2999999999999998,3,1.6999999999999993,-4.300000000000001,0.7000000000000002,23.849999999999998
2023,Tampa Bay Buccaneers,-0.3,348,5321,1047,5.1,18,8,100,751,33,35.5,9.8,34.88,325,5852,1081,5.4,26,13,93,762,23,34.4,14.2,-23.2,64.1,4.9,10.0,1.8,94.2,40.0,6.6,6.5,439.0,1509.0,8.0,3.4,-43.41,66.1,3.8,13.0,2.1,92.0,48,84,91,7.3,6.2,422,1620,11,3.8,33.9,2680,2373,134,75,1,1.1000000000000014,0.2999999999999998,-0.3000000000000007,8,4.399999999999999,0.7000000000000002,-0.3999999999999999,58.08
2023,New Orleans Saints,-2.2,402,5732,1121,5.1,18,7,96,846,26,36.6,8.2,46.88,327,5562,1054,5.3,29,11,102,775,33,31.6,14.3,35.39,67.0,4.6,11.0,1.8,94.8,35.0,5.5,6.3,480.0,1742.0,13.0,3.6,-26.28,59.7,3.9,18.0,3.2,79.7,34,76,70,5.7,5.3,462,2038,10,4.4,23.07,1835,1829,118,87,0,5.0,1.0,-0.20000000000000018,11,6.100000000000001,0.20000000000000018,-0.8000000000000003,11.490000000000002
2023,Atlanta Falcons,-1.9,321,5683,1092,5.2,28,11,84,743,24,32.1,14.3,-32.52,373,5458,1090,5.0,16,8,104,831,32,37.9,8.2,6.86,61.7,3.2,17.0,3.2,80.5,40.0,7.0,5.4,522.0,2159.0,14.0,4.1,-36.48,61.9,4.4,8.0,1.5,90.3,42,98,83,7.1,6.0,499,2009,11,4.0,46.27,2074,1609,143,95,0,-5.799999999999997,-0.5999999999999996,0.20000000000000018,-12,-6.100000000000001,0.09999999999999964,0.09999999999999964,-39.38
2023,Carolina Panthers,0.7,236,4510,1096,4.1,20,10,103,845,36,25.0,11.1,-135.03,416,4997,1016,4.9,11,3,89,679,27,37.7,5.5,-56.65,59.7,2.2,10.0,1.7,75.2,65.0,10.0,3.9,445.0,1769.0,7.0,4.0,-17.4,64.2,4.0,8.0,1.7,88.8,27,74,77,5.3,5.8,508,2081,25,4.1,-8.41,1671,1425,90,131,0,-12.700000000000003,-1.9,-0.8000000000000007,-9,-5.6,-4.7,-0.09999999999999964,-78.38
2023,San Francisco 49ers,0.4,491,6773,1024,6.6,18,6,101,933,29,45.3,10.1,231.48,298,5167,1038,5.0,28,6,94,762,32,33.9,15.5,16.05,68.4,6.7,12.0,2.4,110.2,34.0,6.5,8.6,499.0,2389.0,27.0,4.8,43.0,66.0,3.2,22.0,3.5,79.6,48,122,80,7.2,4.6,369,1525,10,4.1,-7.23,2393,2344,148,69,1,11.399999999999999,4.0,1.5999999999999996,10,5.4,0.7000000000000002,0.7000000000000002,215.42999999999998
2023,Los Angeles Rams,1.4,404,6108,1094,5.6,18,5,89,720,35,41.1,9.2,113.39,377,5744,1078,5.3,15,5,105,986,28,36.8,8.1,-49.23,61.9,4.5,13.0,2.2,90.0,34.0,5.5,6.5,477.0,2045.0,18.0,4.3,20.27,60.8,4.0,10.0,1.7,88.0,41,91,75,6.4,6.1,433,1816,14,4.2,0.38,2579,1884,128,104,1,4.300000000000004,0.40000000000000036,0.2999999999999998,-3,-1.0999999999999996,0.9000000000000004,0.09999999999999964,162.62
2023,Seattle Seahawks,1.3,364,5490,995,5.5,17,5,111,954,35,38.8,8.4,62.33,402,6313,1147,5.5,19,8,103,824,35,40.4,10.4,-122.46,64.5,4.0,12.0,2.1,90.7,38.0,6.2,6.2,382.0,1580.0,11.0,4.1,-10.43,66.7,3.6,11.0,1.9,92.1,47,97,99,7.4,6.1,515,2352,24,4.6,-40.04,2129,2068,153,129,0,-1.6000000000000014,0.10000000000000053,0.0,2,2.0,1.2000000000000002,-0.5,184.79
2023,Arizona Cardinals,1.9,330,5509,1068,5.2,18,6,101,859,30,35.0,9.4,-2.99,455,6047,1060,5.7,17,6,92,765,30,44.0,8.6,-160.5,64.0,3.2,12.0,2.2,82.9,42.0,7.0,5.0,471.0,2365.0,17.0,5.0,45.18,68.6,6.3,11.0,2.2,102.9,33,59,76,6.1,7.0,521,2434,19,4.7,-30.78,2322,1524,98,73,0,-9.0,-2.0,-0.5,-1,-0.8000000000000007,-0.9000000000000004,0.2999999999999998,157.51
2024,Buffalo Bills,-1.1,525,6105,1025,6.0,8,2,112,833,39,49.7,4.6,221.37,368,5806,1052,5.5,32,16,127,1016,30,36.3,17.5,-51.35,63.3,5.8,6.0,1.2,100.8,14.0,2.6,7.9,491.0,2230.0,32.0,4.5,63.83,68.5,4.8,16.0,2.8,93.3,39,94,93,6.3,6.0,435,1963,13,4.5,26.72,2449,2266,151,95,1,13.400000000000006,1.9000000000000004,0.5,24,12.9,3.6999999999999997,0.0,272.72
2024,Miami Dolphins,-1.9,345,5532,1082,5.1,21,11,114,926,33,39.0,11.0,0.06,364,5345,1012,5.3,16,6,125,1030,27,38.7,8.8,-5.7,69.9,3.7,10.0,1.7,94.1,43.0,6.8,5.9,448.0,1795.0,12.0,4.0,-63.12,63.8,3.8,10.0,1.7,88.7,35,81,83,5.8,5.9,405,1763,12,4.4,10.56,1817,1947,130,112,0,0.29999999999999716,0.0,-0.20000000000000018,-5,-2.1999999999999993,-1.0,-0.40000000000000036,5.76
2024,New York Jets,-0.5,338,5275,1010,5.2,19,8,137,1134,30,34.1,10.4,28.95,404,5334,1068,5.0,17,10,104,989,47,44.6,8.6,-93.24,63.4,5.1,11.0,1.8,92.0,40.0,6.2,5.9,363.0,1561.0,8.0,4.3,-3.44,62.8,3.5,7.0,1.3,89.0,43,84,89,7.6,5.9,504,2059,22,4.1,-14.76,1883,1705,140,128,0,-10.5,0.0,0.20000000000000018,-2,-1.8000000000000007,1.3999999999999995,0.20000000000000018,122.19
2024,New England Patriots,-0.6,289,4964,1027,4.8,23,12,111,916,33,30.9,12.9,-38.96,417,5829,1068,5.5,12,5,100,772,32,42.8,5.8,-133.48,64.7,3.4,11.0,2.1,85.0,52.0,9.0,4.9,446.0,1969.0,11.0,4.4,-7.76,64.9,5.1,7.0,1.3,96.9,28,66,62,5.0,6.8,507,2233,16,4.4,-25.99,2059,1652,104,87,0,-11.899999999999999,-1.8999999999999995,-0.7000000000000002,-11,-7.1000000000000005,-4.0,0.0,94.51999999999998
2024,Baltimore Ravens,0.6,518,7224,1055,6.8,11,7,132,1120,30,47.0,6.1,265.99,361,5511,1062,5.2,17,5,97,759,43,36.6,9.1,-35.83,66.7,8.6,4.0,0.8,119.4,24.0,4.8,9.3,554.0,3189.0,21.0,5.8,75.64,63.4,4.3,12.0,1.9,91.1,54,122,82,8.0,6.1,383,1361,12,3.6,49.16,2728,2030,159,76,1,10.399999999999999,3.200000000000001,1.5999999999999996,6,3.0,3.2,2.1999999999999997,301.82
2024,Pittsburgh Steelers,0.1,380,5430,1081,5.0,17,11,102,823,38,39.6,8.6,11.14,347,5554,1034,5.4,33,16,125,1039,23,34.6,15.9,-8.44,64.3,4.2,6.0,1.2,94.8,49.0,8.9,6.2,533.0,2166.0,14.0,4.1,-27.97,65.6,4.0,17.0,2.9,87.5,40,105,83,6.4,5.7,412,1678,14,4.1,13.16,2278,2048,140,69,1,5.0,0.5,-0.40000000000000036,16,7.300000000000001,-2.5,0.0,19.58
2024,Cincinnati Bengals,-0.8,472,6214,1080,5.8,22,13,101,780,35,43.6,10.5,150.85,434,5921,1088,5.4,25,10,101,826,32,39.3,12.6,-101.94,70.6,6.6,9.0,1.4,108.5,48.0,6.9,7.3,380.0,1574.0,11.0,4.1,-1.56,64.9,5.2,15.0,2.6,91.9,36,105,72,5.9,6.1,479,2122,20,4.4,-33.29,2012,1926,152,116,0,4.300000000000004,1.2000000000000002,0.39999999999999947,3,2.0999999999999996,-1.0,-0.3000000000000007,252.79
2024,Cleveland Browns,1.2,258,5114,1118,4.6,34,11,119,915,30,22.4,15.9,-161.38,435,5816,1040,5.6,12,8,108,890,19,33.3,5.3,-61.95,59.8,2.9,23.0,3.5,71.4,66.0,9.1,3.9,391.0,1608.0,8.0,4.1,-10.98,61.8,5.1,4.0,0.8,98.9,41,108,112,7.4,7.2,488,2205,22,4.5,8.9,2007,1830,155,101,0,-10.899999999999999,-3.3000000000000003,-1.0,-22,-10.600000000000001,-1.6999999999999993,-0.40000000000000036,-99.42999999999999
2024,Houston Texans,-0.7,372,5435,1058,5.1,19,7,119,981,22,36.8,9.3,7.29,372,5355,1050,5.1,29,10,106,798,34,35.2,14.0,5.09,62.6,3.5,12.0,2.1,86.1,54.0,8.7,5.4,434.0,1909.0,15.0,4.4,-16.73,58.8,5.6,19.0,3.4,83.7,49,98,106,8.1,5.3,447,1938,11,4.3,5.09,1948,2153,145,119,1,1.5999999999999943,0.10000000000000053,0.0,10,4.699999999999999,-0.5999999999999996,0.10000000000000053,2.2
2024,Indianapolis Colts,-0.7,377,5692,1041,5.5,29,10,93,684,24,36.6,14.9,12.49,427,6140,1112,5.5,25,9,92,862,25,38.3,12.8,-73.33,56.3,3.9,19.0,3.7,75.8,32.0,5.9,5.3,496.0,2331.0,20.0,4.7,10.61,69.4,5.0,16.0,2.9,95.8,36,83,88,6.2,6.4,531,2241,18,4.2,13.53,2127,2010,127,157,0,-1.6999999999999957,-1.1000000000000005,0.0,-4,-2.0999999999999996,0.2999999999999998,0.5,85.82
2024,Jacksonville Jaguars,-0.8,320,5206,992,5.2,24,9,99,787,18,33.3,13.0,13.88,435,6629,1125,5.9,9,3,105,808,33,45.6,4.4,-165.95,62.8,3.5,15.0,2.7,83.0,32.0,5.5,5.5,414.0,1729.0,13.0,4.2,7.81,67.1,5.0,6.0,1.0,103.4,34,68,82,5.5,7.6,511,2254,19,4.4,-25.28,2308,2197,111,104,0,-12.300000000000004,-2.0999999999999996,-0.7000000000000002,-15,-8.6,0.0,-0.20000000000000018,179.82999999999998
2024,Tennessee Titans,0.4,311,5172,1032,5.0,34,13,132,1030,33,30.4,16.8,-62.07,460,5291,1008,5.2,18,7,120,988,39,40.4,8.7,-90.11,63.4,4.2,21.0,4.0,80.7,52.0,8.9,4.8,450.0,1855.0,11.0,4.1,-18.58,66.4,5.7,11.0,2.3,95.1,32,67,92,6.3,6.1,503,2277,21,4.5,-14.45,1511,1672,91,95,0,-10.0,-1.2999999999999998,-0.20000000000000018,-16,-8.100000000000001,-2.6000000000000005,-0.40000000000000036,28.04
2024,Kansas City Chiefs,0.7,385,5570,1091,5.1,14,3,94,829,25,43.2,8.3,106.14,326,5451,1026,5.3,20,7,107,849,25,36.5,11.4,-55.29,67.3,4.3,11.0,1.8,93.1,41.0,6.4,5.9,450.0,1790.0,15.0,4.0,13.3,65.9,4.2,13.0,2.3,90.6,39,112,87,6.4,5.9,418,1731,13,4.1,-0.59,2362,2197,171,92,1,6.700000000000003,0.0,-0.20000000000000018,6,3.0999999999999996,0.0,-0.09999999999999964,161.43
2024,Los Angeles Chargers,-0.6,402,5511,1017,5.4,9,6,96,718,30,42.9,4.4,105.09,301,5514,1037,5.3,21,6,101,869,33,32.6,11.6,-11.72,65.9,4.5,3.0,0.6,101.4,44.0,7.9,7.1,463.0,1882.0,17.0,4.1,0.47,65.0,4.2,15.0,2.7,87.1,46,98,78,7.5,5.4,426,1997,7,4.7,-4.78,2197,1818,129,92,1,10.299999999999997,1.6999999999999993,0.10000000000000053,12,7.199999999999999,-0.40000000000000036,-0.6000000000000005,116.81
2024,Denver Broncos,-0.3,425,5518,1055,5.2,19,7,108,941,19,38.4,10.0,50.25,311,5391,1093,4.9,25,10,101,723,42,31.6,12.4,57.45,66.5,5.3,12.0,2.1,94.1,24.0,4.0,6.2,461.0,1908.0,12.0,4.1,-8.08,64.9,3.6,15.0,2.5,86.2,63,142,94,9.4,5.3,424,1639,10,3.9,41.19,2267,2117,195,78,1,6.799999999999997,0.9000000000000004,0.2999999999999998,6,2.4000000000000004,5.4,0.19999999999999973,-7.200000000000003
2024,Las Vegas Raiders,1.0,309,5154,1065,4.8,29,13,96,807,23,33.0,15.2,-76.31,434,5663,1053,5.4,13,3,117,852,27,42.6,7.1,-69.33,64.6,3.0,16.0,2.5,82.4,50.0,7.3,5.0,380.0,1357.0,10.0,3.6,-72.33,66.0,5.2,10.0,1.8,96.5,38,86,83,6.3,6.4,454,1987,14,4.4,4.2,1965,1920,133,134,0,-9.600000000000001,-1.4000000000000004,-0.6000000000000005,-16,-8.1,-1.0,-0.8000000000000003,-6.980000000000004
2024,Philadelphia Eagles,-1.7,463,6242,1114,5.6,15,9,103,793,28,44.5,6.6,154.28,303,4732,999,4.7,26,13,85,694,25,31.6,14.1,47.74,67.6,5.4,6.0,1.3,103.4,45.0,9.1,6.9,621.0,3048.0,29.0,4.9,74.85,62.2,4.1,13.0,2.4,82.5,41,87,81,7.0,4.8,416,1771,9,4.3,22.6,2324,1997,111,90,1,12.899999999999999,2.1000000000000005,0.8999999999999995,11,7.5,-2.0999999999999996,0.6000000000000005,106.53999999999999
2024,Washington Commanders,-1.8,485,6284,1101,5.7,16,7,111,960,34,50.0,8.0,206.92,391,5558,1029,5.4,17,10,105,849,38,41.5,8.8,-91.5,69.5,5.5,9.0,1.7,102.5,50.0,8.7,6.7,526.0,2619.0,25.0,5.0,80.95,61.9,5.0,7.0,1.4,93.9,43,88,86,8.0,6.3,490,2337,18,4.8,-22.28,2305,1954,129,80,1,8.5,0.40000000000000036,0.2999999999999998,1,0.8000000000000007,-0.6999999999999993,0.20000000000000018,298.41999999999996
2024,Dallas Cowboys,0.6,350,5567,1104,5.0,28,14,128,921,37,36.5,14.3,-42.28,468,6039,1046,5.8,22,9,132,1019,26,42.9,11.0,-117.02,62.5,3.6,14.0,2.2,83.8,38.0,5.6,5.5,429.0,1705.0,6.0,4.0,-34.31,68.2,5.5,13.0,2.5,99.5,52,105,70,9.2,6.5,482,2331,25,4.8,-67.95,1934,2110,180,87,0,-6.399999999999999,-1.0,-0.7999999999999998,-6,-3.3000000000000007,3.5999999999999996,-0.7999999999999998,74.74
2024,New York Giants,0.3,273,5011,1063,4.7,23,10,112,928,27,27.9,12.0,-82.92,415,5896,1051,5.6,15,10,106,870,25,38.7,8.3,-97.6,61.9,2.5,13.0,2.2,77.8,48.0,7.5,4.6,424.0,1783.0,13.0,4.2,-8.44,69.4,4.6,5.0,1.0,103.1,45,94,96,8.2,7.0,503,2316,18,4.6,-7.19,2121,1748,126,106,0,-10.800000000000004,-2.4000000000000004,-0.8999999999999995,-8,-3.6999999999999993,0.6999999999999993,-0.39999999999999947,14.679999999999993
2024,Detroit Lions,0.7,564,6962,1118,6.2,15,3,107,988,24,51.6,8.2,256.05,342,5820,1016,5.7,24,8,114,862,47,35.4,13.3,-30.29,72.4,7.1,12.0,2.2,112.6,33.0,5.7,8.1,534.0,2488.0,29.0,4.7,51.85,61.1,3.0,16.0,2.6,82.0,37,110,70,5.7,5.9,369,1672,18,4.5,-18.02,2542,2106,179,85,1,16.200000000000003,2.1999999999999993,0.5,9,5.100000000000001,0.0,0.20000000000000018,286.34000000000003
2024,Minnesota Vikings,0.3,432,5898,1054,5.6,21,9,110,845,43,41.4,10.5,91.99,332,5702,1078,5.3,33,9,141,1185,24,31.6,16.6,38.73,66.4,6.4,12.0,2.2,102.9,49.0,8.2,7.0,457.0,1855.0,9.0,4.1,-25.91,65.1,3.8,24.0,3.8,82.4,49,113,96,7.1,5.1,392,1588,12,4.1,40.36,2544,2094,180,79,1,9.799999999999997,1.9000000000000004,0.2999999999999998,12,6.100000000000001,-1.0999999999999996,0.0,53.26
2024,Green Bay Packers,0.9,460,6303,1027,6.1,19,8,112,836,30,45.9,9.9,142.25,338,5347,1036,5.2,31,14,114,940,23,33.0,16.2,13.99,64.3,5.8,11.0,2.3,99.8,22.0,4.4,7.7,526.0,2496.0,23.0,4.7,18.79,67.4,4.1,17.0,3.0,88.5,45,91,95,7.4,5.5,426,1689,13,4.0,15.88,2128,1921,143,108,1,12.899999999999999,2.2,0.8999999999999995,12,6.299999999999999,3.0,0.7000000000000002,128.26
2024,Chicago Bears,1.2,310,4820,1065,4.5,16,9,110,867,27,29.8,7.7,-43.48,370,6022,1028,5.9,24,13,107,794,20,40.5,13.0,-53.66,62.4,3.5,7.0,1.2,86.8,68.0,10.7,5.0,431.0,1734.0,13.0,4.0,-19.28,64.6,3.4,11.0,2.2,90.9,40,100,81,7.4,6.5,485,2317,20,4.8,-24.05,2045,1914,142,94,0,-10.7,-1.5,-1.4000000000000004,8,5.3,-3.299999999999999,-0.7999999999999998,10.18
2024,Tampa Bay Buccaneers,-0.4,502,6793,1094,6.2,23,7,108,839,34,48.1,12.7,199.13,385,5810,1065,5.5,18,11,96,897,30,40.1,8.8,-75.69,71.5,7.2,16.0,2.8,106.8,40.0,6.5,7.1,483.0,2536.0,16.0,5.3,52.68,66.3,4.3,7.0,1.1,96.6,46,114,81,6.8,6.5,389,1663,13,4.3,11.82,2500,2195,173,100,1,8.0,0.5999999999999996,0.7000000000000002,-5,-3.8999999999999986,0.2999999999999998,1.0,274.82
2024,Atlanta Falcons,-0.2,389,6287,1086,5.8,24,5,99,828,28,39.6,13.6,99.63,423,5868,1067,5.5,18,6,122,964,16,43.7,9.8,-85.85,65.1,3.8,19.0,3.4,86.6,32.0,5.4,6.1,495.0,2219.0,18.0,4.5,17.02,69.9,5.9,12.0,2.1,100.2,31,74,79,5.1,6.5,458,2051,11,4.5,-20.08,2046,1921,131,114,0,-4.100000000000001,-0.40000000000000036,0.2999999999999998,-6,-3.799999999999999,-0.3000000000000007,0.0,185.48
2024,Carolina Panthers,0.4,341,5066,993,5.1,22,7,118,947,26,33.3,11.8,-9.53,534,6877,1154,6.0,17,8,120,977,33,51.4,8.6,-220.48,62.3,4.0,15.0,2.7,82.0,36.0,6.2,5.1,410.0,1878.0,18.0,4.6,23.6,67.9,6.6,9.0,1.7,105.4,32,64,65,5.7,7.3,592,3057,24,5.2,-97.76,2128,1805,96,132,0,-18.1,-2.2,-0.9000000000000004,-5,-3.200000000000001,-0.5,-0.6000000000000005,210.95
2024,New Orleans Saints,-0.6,338,5442,1032,5.3,19,7,110,1003,26,34.8,9.4,14.68,398,6459,1119,5.8,17,3,115,959,27,39.3,9.3,-107.32,61.7,3.8,12.0,2.2,85.3,37.0,6.3,5.7,444.0,1954.0,15.0,4.4,27.38,61.9,3.2,14.0,2.4,84.8,39,84,77,6.2,6.0,489,2404,20,4.9,-60.21,2126,2153,145,129,0,-4.5,-0.2999999999999998,-0.5,-2,-0.09999999999999964,-0.09999999999999964,-0.5,122.0
2024,Los Angeles Rams,1.1,367,5633,1040,5.4,14,5,91,798,31,39.1,8.3,87.96,386,6003,1057,5.7,20,7,113,948,29,42.9,10.6,-99.72,65.7,3.9,9.0,1.6,93.7,31.0,5.3,6.6,450.0,1765.0,15.0,3.9,4.4,65.3,5.4,13.0,2.4,95.9,38,72,72,6.6,6.5,477,2210,13,4.6,-27.21,2247,2227,131,119,1,-3.799999999999997,0.09999999999999964,-0.2999999999999998,6,2.299999999999999,1.2999999999999998,-0.6999999999999997,187.68
2024,Seattle Seahawks,0.8,375,5647,1030,5.5,24,8,119,987,30,35.2,9.9,26.6,368,5656,1065,5.3,18,5,121,958,29,34.0,9.3,-11.4,69.6,3.5,16.0,2.7,91.5,54.0,8.3,5.7,383.0,1627.0,17.0,4.2,-14.33,65.2,4.6,13.0,2.3,90.9,45,112,74,7.3,5.8,451,2053,11,4.6,5.65,1787,2092,160,95,0,1.2000000000000028,-0.09999999999999964,0.20000000000000018,-6,-0.5999999999999996,-1.0000000000000009,-0.39999999999999947,38.0
2024,Arizona Cardinals,0.9,400,6090,1036,5.9,20,9,92,806,29,44.6,11.9,132.27,379,5823,1045,5.6,17,8,100,803,20,43.1,9.6,-110.14,68.9,3.9,11.0,2.0,93.5,30.0,5.2,6.2,463.0,2451.0,18.0,5.3,62.55,68.6,3.7,9.0,1.7,95.1,41,76,87,7.1,6.3,465,2149,18,4.6,-35.69,1973,1945,119,106,0,1.5,-0.09999999999999964,0.3000000000000007,-3,-2.3000000000000007,1.8999999999999995,0.7000000000000002,242.41000000000003
2024,San Francisco 49ers,1.6,389,6397,1026,6.2,27,11,111,843,28,41.7,13.7,115.77,436,5396,1029,5.2,17,6,79,624,21,44.4,9.0,-88.77,65.5,4.3,16.0,3.0,93.1,36.0,6.3,7.0,457.0,2163.0,17.0,4.7,22.92,65.5,4.8,11.0,2.1,92.0,37,80,67,6.7,5.9,476,2118,24,4.4,-45.07,1632,1844,117,107,0,-2.6999999999999957,1.0999999999999996,1.0,-10,-4.699999999999999,0.40000000000000036,0.2999999999999998,204.54
2025,New England Patriots,-4.5,490,6449,1044,6.2,16,8,99,854,26,46.0,9.2,195.86,320,5019,973,5.2,19,9,108,818,27,32.2,10.5,2.74,71.9,6.2,8.0,1.6,113.0,48.0,8.7,8.2,494.0,2191.0,22.0,4.4,-1.54,66.4,4.7,10.0,1.9,93.1,35,88,87,6.2,5.9,411,1729,11,4.2,-1.44,2082,1799,120,71,1,13.799999999999997,2.299999999999999,1.0,3,1.3000000000000007,-2.499999999999999,0.20000000000000018,193.12
2025,Buffalo Bills,-2.3,481,6397,1082,5.9,19,9,101,848,32,44.8,10.3,186.79,365,4983,950,5.2,20,7,83,731,26,37.3,11.3,-33.7,69.5,5.9,10.0,2.0,104.6,40.0,7.5,7.1,547.0,2714.0,30.0,5.0,50.22,59.7,4.1,13.0,2.8,79.8,36,92,84,7.2,4.9,450,2315,24,5.1,-73.51,1844,1535,127,78,1,7.5,2.1999999999999993,0.7000000000000002,1,1.0,-0.2999999999999998,-0.09999999999999964,220.49
2025,Miami Dolphins,-1.8,347,5112,949,5.4,24,6,101,811,13,36.6,13.1,17.51,424,5929,1023,5.8,20,11,104,841,38,41.4,10.3,-121.82,67.2,4.8,18.0,3.8,87.3,38.0,7.4,5.3,432.0,2044.0,14.0,4.7,16.47,72.0,5.6,9.0,1.7,105.3,39,79,74,7.0,7.0,469,2251,18,4.8,-19.24,1896,2015,126,112,0,-4.799999999999997,-1.7000000000000002,-0.39999999999999947,-4,-2.799999999999999,-0.40000000000000036,-0.09999999999999964,139.32999999999998
2025,New York Jets,-0.6,300,4481,1010,4.4,23,10,110,909,21,29.8,11.6,-104.52,503,6045,1080,5.6,4,4,91,794,34,49.2,1.6,-176.95,60.3,3.0,13.0,2.6,75.0,60.0,10.8,3.8,456.0,2096.0,11.0,4.6,0.54,65.2,7.0,11.0,2.2,110.9,26,58,77,4.8,8.1,539,2371,20,4.4,-17.7,1807,2030,87,120,0,-19.400000000000002,-4.3,-1.1999999999999993,-19,-10.0,-6.000000000000001,0.1999999999999993,72.42999999999999
2025,Pittsburgh Steelers,-0.5,397,5196,988,5.3,15,6,101,803,32,39.0,7.9,63.15,387,6068,1112,5.5,27,12,107,882,28,40.7,14.1,-67.45,66.4,4.7,9.0,1.6,93.8,31.0,5.3,6.1,407.0,1756.0,16.0,4.3,22.46,64.6,4.9,15.0,2.4,92.2,48,112,89,7.3,6.2,451,1922,10,4.3,-16.34,2532,2139,154,126,1,-1.7000000000000028,-0.10000000000000053,-0.20000000000000018,12,6.199999999999999,2.0,0.0,130.6
2025,Baltimore Ravens,-0.4,424,5647,974,5.8,23,12,99,746,27,42.7,12.4,82.25,398,6027,1089,5.5,20,9,106,833,27,43.3,10.7,-54.73,65.9,5.5,11.0,2.6,96.7,45.0,9.6,6.3,507.0,2662.0,23.0,5.3,56.53,63.8,3.7,11.0,1.8,89.6,30,101,66,4.6,6.4,434,1813,18,4.2,16.6,2497,1875,132,98,0,-0.5999999999999943,-0.10000000000000053,0.2999999999999998,-3,-1.700000000000001,-5.0,1.0999999999999996,136.98
2025,Cincinnati Bengals,-0.5,414,5596,1057,5.3,24,7,88,633,37,40.2,13.4,43.3,492,6475,1048,6.2,21,8,104,878,22,42.3,12.0,-165.93,64.4,5.6,17.0,2.7,91.0,36.0,5.3,5.9,381.0,1591.0,11.0,4.2,21.16,65.2,6.2,13.0,2.4,99.4,35,79,56,6.2,7.1,479,2500,18,5.2,-55.71,1718,2416,127,170,0,-2.0999999999999943,-1.1999999999999993,-0.9000000000000004,-3,-1.4000000000000004,0.9000000000000004,-1.0,209.23000000000002
2025,Cleveland Browns,-1.5,279,4456,1030,4.3,25,7,108,840,34,25.6,12.3,-149.86,379,4822,1015,4.8,18,7,125,863,22,33.7,8.2,65.25,57.9,2.9,18.0,3.2,70.0,51.0,8.4,3.8,421.0,1649.0,10.0,3.9,-20.18,63.2,5.1,11.0,2.3,90.0,53,113,117,9.8,5.3,475,1979,14,4.2,20.27,1536,1630,148,99,0,-8.100000000000001,-1.5,-0.5,-7,-4.100000000000001,1.4000000000000004,-0.30000000000000027,-215.11
2025,Jacksonville Jaguars,0.6,474,5735,1093,5.2,18,6,128,1080,36,42.9,9.5,74.21,336,5162,1036,5.0,31,9,112,1001,40,31.2,15.6,42.74,61.1,5.2,12.0,2.1,91.1,41.0,6.8,6.3,489.0,1956.0,22.0,4.0,9.48,62.4,3.9,22.0,3.5,78.5,32,95,77,4.8,4.8,369,1455,13,3.9,3.69,2385,1769,159,92,1,11.7,1.5,0.20000000000000018,13,6.1,-2.0,0.10000000000000009,31.46999999999999
2025,Houston Texans,2.2,404,5559,1088,5.1,12,3,118,989,40,42.9,5.8,42.13,295,4713,985,4.8,29,10,111,907,34,27.6,14.6,65.87,62.5,4.1,9.0,1.5,89.8,31.0,5.1,6.2,475.0,1852.0,9.0,3.9,-20.56,59.3,3.7,19.0,3.5,76.2,47,95,91,8.0,4.6,400,1593,13,4.0,1.59,2024,1696,133,98,1,15.299999999999997,1.6000000000000005,0.2999999999999998,17,8.8,2.9000000000000004,-0.10000000000000009,-23.740000000000002
2025,Indianapolis Colts,1.8,466,5880,1018,5.8,23,9,104,870,31,49.4,12.4,135.41,412,5947,1114,5.3,21,7,103,917,33,44.3,11.9,-95.15,65.8,4.6,14.0,2.6,92.6,29.0,5.0,6.5,442.0,2007.0,27.0,4.5,57.02,63.3,3.8,14.0,2.2,88.0,39,98,85,5.9,6.1,448,1732,16,3.9,-9.69,2510,1919,162,125,0,5.100000000000001,0.40000000000000036,0.5,-2,-0.5,0.9000000000000004,0.6000000000000001,230.56
2025,Tennessee Titans,3.4,284,4413,1004,4.4,19,11,130,1011,20,29.3,9.9,-113.92,478,5867,1009,5.8,14,8,106,772,36,45.1,6.5,-125.45,59.6,2.6,8.0,1.4,78.4,56.0,8.9,4.4,378.0,1589.0,9.0,4.2,-13.38,68.9,5.8,6.0,1.2,108.3,42,98,83,7.6,7.6,453,1948,21,4.3,-10.57,2222,1999,146,86,0,-15.8,-3.1999999999999993,-1.3999999999999995,-5,-3.4000000000000004,-1.3000000000000007,-0.09999999999999964,11.530000000000001
2025,Denver Broncos,-1.8,401,5825,1092,5.3,17,6,124,1149,27,37.8,8.0,85.81,311,4730,1061,4.5,14,4,118,843,43,34.6,6.8,35.71,63.3,4.1,11.0,1.8,87.7,23.0,3.6,6.0,456.0,2018.0,18.0,4.4,3.01,57.8,3.0,10.0,1.7,78.7,68,164,82,10.3,4.7,400,1548,11,3.9,2.68,2151,1730,213,85,1,3.1999999999999957,1.2999999999999998,0.7999999999999998,-3,-1.2000000000000002,6.700000000000001,0.5000000000000004,50.1
2025,Los Angeles Chargers,-0.8,368,5675,1095,5.2,21,7,104,787,29,42.3,10.9,31.86,340,4849,966,5.0,23,4,100,828,30,36.2,11.9,3.51,64.5,4.6,14.0,2.5,89.8,60.0,9.5,5.6,466.0,2067.0,10.0,4.4,30.52,60.8,3.2,19.0,3.8,75.0,45,91,90,8.2,4.6,416,1791,16,4.3,2.94,1652,1930,139,99,1,6.099999999999994,1.0,0.20000000000000018,2,1.0,-1.3000000000000007,0.10000000000000053,28.35
2025,Kansas City Chiefs,-0.1,362,5451,1061,5.1,15,3,119,951,26,42.0,8.9,86.16,328,5126,992,5.2,14,4,108,969,30,37.7,7.8,-19.91,62.2,3.9,12.0,2.1,86.6,47.0,7.4,5.6,430.0,1812.0,15.0,4.2,35.44,66.8,3.5,10.0,2.0,89.9,35,103,75,6.4,6.0,448,1797,14,4.0,9.37,1629,1854,137,75,0,4.299999999999997,-0.40000000000000036,-0.10000000000000053,-1,-1.1000000000000005,-1.0,0.20000000000000018,106.07
2025,Las Vegas Raiders,0.7,241,4168,948,4.4,23,4,108,901,28,26.0,12.2,-119.29,432,5403,1072,5.0,16,8,118,895,29,41.7,9.1,-81.06,66.0,3.9,19.0,3.7,81.5,64.0,11.1,4.1,369.0,1317.0,5.0,3.6,-62.48,68.5,4.4,8.0,1.5,96.4,37,82,105,6.6,6.3,511,1986,22,3.9,-1.37,1905,1613,115,121,0,-15.700000000000003,-2.2,-0.5999999999999996,-7,-3.0999999999999996,-4.5,-0.2999999999999998,-38.230000000000004
2025,Philadelphia Eagles,-0.4,379,5291,1010,5.2,15,8,117,1073,26,35.0,6.8,60.81,325,5341,1080,4.9,21,9,91,797,38,35.0,11.1,3.86,64.0,5.2,7.0,1.4,96.3,35.0,6.6,6.6,478.0,1988.0,17.0,4.2,12.93,56.8,2.6,12.0,2.2,75.4,42,105,71,7.2,5.1,494,2115,20,4.3,-11.15,2018,1731,149,98,1,0.0,1.5,0.2999999999999998,6,4.3,0.6000000000000005,-0.09999999999999964,56.95
2025,Dallas Cowboys,-1.8,471,6663,1120,5.9,21,9,133,1136,44,48.0,11.9,180.41,511,6409,1043,6.1,12,6,134,1142,29,51.4,6.2,-210.14,67.1,5.0,12.0,1.9,98.2,31.0,4.7,7.0,465.0,2136.0,18.0,4.6,16.42,68.5,6.3,6.0,1.1,109.6,35,108,85,5.9,8.0,452,2133,24,4.7,-53.77,2338,2183,197,112,0,-3.3999999999999986,-1.0,-0.1999999999999993,-9,-5.7,1.2000000000000002,-0.10000000000000053,390.54999999999995
2025,Washington Commanders,-0.1,356,5419,990,5.5,23,11,117,913,41,37.0,12.7,54.87,451,6533,1086,6.0,10,2,116,1030,30,47.3,5.3,-192.14,61.2,4.1,12.0,2.6,85.5,37.0,7.3,5.9,484.0,2290.0,20.0,4.7,20.37,64.8,6.1,8.0,1.5,104.0,42,94,69,7.2,7.6,504,2411,18,4.8,-56.7,2145,2166,121,131,0,-10.299999999999997,-1.6999999999999993,-0.5,-13,-7.3999999999999995,-0.09999999999999964,-0.09999999999999964,247.01
2025,New York Giants,-0.2,381,5669,1085,5.2,17,7,128,1075,46,38.8,9.4,75.75,439,6112,1054,5.8,15,6,136,1143,35,43.3,8.3,-142.98,61.4,4.0,10.0,1.9,88.0,48.0,8.4,6.0,511.0,2195.0,22.0,4.3,39.83,65.1,4.5,9.0,1.6,94.3,39,96,90,6.6,6.3,465,2470,21,5.3,-80.06,2169,1722,142,79,0,-4.5,-0.2999999999999998,-0.5999999999999996,-2,-1.0999999999999996,-1.8000000000000007,-1.0,218.73
2025,Chicago Bears,-1.1,441,6282,1103,5.7,11,4,120,970,26,43.7,6.0,117.89,415,6150,1025,6.0,33,10,95,678,32,38.9,18.3,-98.1,58.2,4.9,7.0,1.2,90.7,24.0,4.0,6.8,505.0,2456.0,19.0,4.9,50.03,66.6,6.0,23.0,4.3,91.4,35,84,66,6.2,6.1,457,2287,15,5.0,-24.21,2660,1955,126,91,1,4.800000000000004,0.7000000000000002,-0.2999999999999998,22,12.3,2.2,-0.09999999999999964,215.99
2025,Green Bay Packers,-0.8,391,5654,1010,5.6,13,6,105,818,30,43.4,7.8,151.08,360,5301,1061,5.0,14,7,99,867,32,42.8,8.2,-80.6,67.1,5.3,7.0,1.4,102.5,29.0,5.6,7.4,492.0,2037.0,18.0,4.1,4.02,65.6,4.4,7.0,1.3,92.7,36,106,72,6.2,5.9,476,2001,15,4.2,0.16,2243,1593,159,88,1,0.6000000000000014,1.5,0.5999999999999996,1,0.39999999999999947,0.6000000000000005,-0.10000000000000053,231.68
2025,Minnesota Vikings,0.1,344,4675,954,4.9,30,9,111,886,34,36.5,14.9,-40.41,333,4804,1025,4.7,21,13,110,875,26,35.4,11.0,39.55,61.6,3.7,21.0,4.3,75.3,60.0,11.0,4.1,410.0,1841.0,15.0,4.5,19.97,62.4,3.4,8.0,1.8,86.0,49,98,107,9.9,5.3,529,2110,13,4.0,9.56,1519,1478,148,107,0,1.1000000000000014,-1.2000000000000002,0.20000000000000018,-9,-3.9000000000000004,-1.0999999999999996,0.5,-79.96
2025,Detroit Lions,-0.1,481,6344,1063,6.0,15,7,104,718,17,44.4,8.0,162.06,413,5642,1050,5.4,19,6,91,701,38,40.1,10.2,-72.36,67.7,6.0,8.0,1.4,105.5,39.0,6.3,7.5,442.0,2041.0,21.0,4.6,-3.06,61.6,5.6,13.0,2.3,92.5,49,103,68,8.1,6.2,446,1947,16,4.4,-10.23,2558,1469,153,76,0,4.299999999999997,1.2999999999999998,0.5999999999999996,4,2.1999999999999993,1.7999999999999998,0.1999999999999993,234.42000000000002
2025,Carolina Panthers,0.5,311,5025,1011,5.0,23,11,95,762,27,34.5,13.3,4.49,380,5563,1016,5.5,21,6,109,829,24,42.6,11.7,-95.32,63.9,4.7,12.0,2.3,87.9,35.0,6.4,5.4,461.0,1977.0,9.0,4.3,-0.14,66.3,3.9,15.0,3.0,88.2,30,58,65,5.6,5.9,479,2096,20,4.4,-6.86,2107,1765,93,95,1,-8.100000000000001,-0.5,-0.5,-2,-1.6000000000000014,-0.8000000000000007,-0.10000000000000053,99.80999999999999
2025,Tampa Bay Buccaneers,0.8,380,5447,1068,5.1,16,5,95,737,43,39.4,8.9,44.21,411,5733,1001,5.7,23,10,128,994,23,39.1,12.3,-55.34,62.9,4.7,11.0,2.0,89.9,38.0,6.4,5.9,472.0,1947.0,13.0,4.1,21.26,66.7,5.3,13.0,2.3,97.5,37,90,83,6.1,6.7,396,1684,16,4.3,4.71,2161,2148,128,93,0,0.29999999999999716,-0.7999999999999998,-0.6000000000000005,7,3.4000000000000004,-0.3000000000000007,-0.20000000000000018,99.55000000000001
2025,Atlanta Falcons,0.1,353,5661,1048,5.4,18,10,108,819,32,37.2,8.7,32.51,401,5553,1052,5.3,23,7,95,747,26,41.5,11.9,-58.96,60.9,3.5,8.0,1.5,86.7,26.0,4.6,6.2,477.0,2138.0,17.0,4.5,-2.22,62.6,5.1,16.0,3.0,88.4,57,97,95,9.7,5.5,466,2146,12,4.6,-30.84,2150,1582,148,87,0,-4.299999999999997,0.7000000000000002,0.10000000000000053,5,3.200000000000001,5.1,-0.09999999999999964,91.47
2025,New Orleans Saints,-0.3,306,5331,1075,5.0,24,12,118,920,35,33.0,13.1,-19.68,383,5096,1053,4.8,20,10,116,913,29,40.2,11.2,4.59,67.2,3.2,12.0,2.0,88.7,49.0,7.7,5.6,435.0,1603.0,9.0,3.7,-22.25,63.5,5.1,10.0,2.0,91.8,45,84,90,8.4,5.8,517,2050,12,4.0,25.36,1710,1605,141,94,0,-7.200000000000003,-0.20000000000000018,0.20000000000000018,-4,-1.9000000000000004,0.7000000000000002,-0.2999999999999998,-24.27
2025,Seattle Seahawks,1.6,483,5973,1015,5.9,28,13,100,793,36,45.9,14.2,80.5,292,4860,1065,4.6,25,7,117,902,32,28.7,12.8,81.09,67.6,5.2,15.0,3.1,97.9,27.0,5.3,7.3,507.0,2096.0,19.0,4.1,-3.12,62.5,3.3,18.0,3.0,77.9,47,122,89,7.3,4.5,418,1563,9,3.7,41.06,1698,2060,180,110,1,17.2,2.8,1.3000000000000007,-3,-1.3999999999999986,2.0,0.39999999999999947,-0.5900000000000034
2025,Los Angeles Rams,2.4,518,6709,1086,6.2,15,7,75,573,34,47.0,8.3,219.88,346,5568,1072,5.2,26,10,121,922,24,34.3,14.9,6.16,64.9,7.7,8.0,1.3,109.0,23.0,3.7,8.2,465.0,2152.0,17.0,4.6,23.47,64.0,4.4,16.0,2.7,87.0,47,117,66,7.4,5.5,436,1884,8,4.3,-3.65,2533,1947,174,82,1,12.700000000000003,2.6999999999999993,1.0,11,6.6,3.7,0.2999999999999998,213.72
2025,San Francisco 49ers,2.1,437,5974,1082,5.5,22,6,83,651,23,47.6,12.9,131.06,371,5784,1028,5.6,16,10,107,734,30,38.6,8.4,-115.46,69.3,5.7,16.0,2.8,98.8,27.0,4.5,6.8,481.0,1817.0,15.0,3.8,0.44,68.2,5.0,6.0,1.0,100.5,20,58,65,3.3,7.1,424,1833,13,4.3,-12.89,2403,1939,106,88,1,9.0,-0.2999999999999998,-0.09999999999999964,-6,-4.5,-1.2000000000000002,-0.5,246.51999999999998
2025,Arizona Cardinals,3.4,355,5538,1074,5.2,21,10,115,842,25,36.8,11.1,36.49,488,6081,1091,5.6,19,9,97,822,31,48.9,10.0,-136.29,65.8,4.5,11.0,1.7,92.7,59.0,8.3,5.7,366.0,1583.0,9.0,4.3,-3.37,65.6,5.4,10.0,1.7,97.6,30,71,70,5.0,6.8,489,2158,19,4.4,-1.35,2232,1889,114,115,0,-12.100000000000001,-1.0999999999999996,-0.39999999999999947,-2,-1.0999999999999996,-3.3000000000000007,-0.10000000000000053,172.78
