Rk,Tm,G,Cmp,Att,Cmp%,Yds,TD,TD%,Int,PD,Int%,Y/A,AY/A,Y/C,Y/G,Rate,Sk,Yds,QBHits,TFL,Sk%,NY/A,ANY/A,EXP
1,Denver Broncos,16,306,552,55.4,2972,13,2.4,14,84,2.5,5.8,5.1,10.5,185.8,69.7,42,228,113,55,7.1,5,4.4,79.69
2,Houston Texans,16,319,522,61.1,3226,20,3.8,11,70,2.1,6.6,6.4,10.7,201.6,84.3,31,198,89,68,5.6,5.8,5.7,-37.11
3,Minnesota Vikings,16,332,548,60.6,3327,22,4,14,59,2.6,6.6,6.3,11,207.9,83,41,310,114,63,7,5.6,5.3,-22.74
4,Arizona Cardinals,16,344,547,62.9,3365,21,3.8,14,68,2.6,6.8,6.5,10.9,210.3,85.1,48,374,103,105,8.1,5.7,5.3,-10.97
5,Jacksonville Jaguars,16,345,551,62.6,3444,20,3.6,7,55,1.3,6.6,6.7,10.5,215.3,88.5,33,183,77,80,5.7,5.9,6,-42.82
6,Buffalo Bills,16,306,511,59.9,3582,19,3.7,12,74,2.3,7.5,7.2,12.5,223.9,85.9,39,253,79,70,7.1,6.5,6.2,-68.73
7,Chicago Bears,16,342,530,64.5,3598,22,4.2,8,70,1.5,7.2,7.4,11.2,224.9,93.5,37,230,75,66,6.5,6.3,6.5,-114.88
8,Seattle Seahawks,16,331,537,61.6,3612,16,3,11,70,2,7.2,6.9,11.7,225.8,85,42,272,104,77,7.3,6.2,5.9,-66.81
9,Baltimore Ravens,16,369,578,63.8,3724,28,4.8,18,71,3.1,6.8,6.4,10.7,232.8,86.9,31,223,80,72,5.1,6.1,5.7,-66.07
10,Los Angeles Rams,16,378,582,64.9,3732,32,5.5,10,73,1.7,6.7,7.1,10.4,233.3,95.5,31,196,108,90,5.1,6.1,6.4,-81.75
11,Cincinnati Bengals,16,374,593,63.1,3800,22,3.7,17,85,2.9,6.7,6.2,10.7,237.5,83.1,33,185,104,61,5.3,6.1,5.6,-67.84
12,New England Patriots,16,368,596,61.7,3806,21,3.5,13,72,2.2,6.8,6.5,11,237.9,84.4,34,227,75,54,5.4,6,5.8,-24.12
13,Philadelphia Eagles,16,333,553,60.2,3832,25,4.5,16,77,2.9,7.3,6.9,12.1,239.5,85.7,34,207,90,75,5.8,6.5,6.2,-31.54
14,San Francisco 49ers,16,322,521,61.8,3848,30,5.8,10,73,1.9,7.7,8,12.5,240.5,96.9,33,165,80,69,6,6.9,7.2,-127.02
15,Miami Dolphins,16,368,591,62.3,3875,30,5.1,16,75,2.7,6.9,6.7,11.1,242.2,88.5,33,226,96,73,5.3,6.2,6,-55.9
16,Pittsburgh Steelers,16,381,590,64.6,3882,20,3.4,13,80,2.2,7,6.7,10.9,242.6,87.3,38,259,103,87,6.1,6.2,5.9,-68.6
17,New York Jets,16,347,545,63.7,3898,30,5.5,8,54,1.5,7.5,7.9,11.7,243.6,98.5,27,179,81,71,4.7,6.8,7.2,-138.14
18,Kansas City Chiefs,16,350,598,58.5,3958,23,3.8,18,104,3,6.9,6.3,11.8,247.4,79.8,28,162,76,67,4.5,6.3,5.8,-35.14
19,Detroit Lions,16,399,549,72.7,3975,33,6,10,63,1.8,7.5,7.9,10.4,248.4,106.5,26,161,70,62,4.5,6.9,7.3,-165.1
20,San Diego Chargers,16,364,580,62.8,3987,21,3.6,18,86,3.1,7.3,6.6,11.6,249.2,83.8,35,230,87,94,5.7,6.5,5.8,-56.93
21,Cleveland Browns,16,347,543,63.9,3996,36,6.6,10,67,1.8,7.7,8.2,12,249.8,101.8,26,177,81,52,4.6,7,7.5,-174.69
22,Tampa Bay Buccaneers,16,347,548,63.3,4012,24,4.4,17,87,3.1,7.7,7.2,12.2,250.8,88.8,38,234,83,76,6.5,6.8,6.4,-41.26
23,New York Giants,16,369,630,58.6,4018,15,2.4,17,101,2.7,6.8,6,11.5,251.1,75.8,35,242,85,78,5.3,6,5.3,-17.57
24,Oakland Raiders,16,328,541,60.6,4120,27,5,16,73,3,7.9,7.6,13,257.5,89.8,25,147,80,49,4.4,7.3,7,-95.12
25,Washington Redskins,16,387,589,65.7,4130,22,3.7,13,75,2.2,7.4,7.2,11.3,258.1,91.1,38,253,111,86,6.1,6.6,6.4,-126.14
26,Dallas Cowboys,16,425,633,67.1,4167,25,3.9,9,64,1.4,6.9,7.1,10.3,260.4,94.1,36,209,91,78,5.4,6.2,6.4,-99.02
27,Indianapolis Colts,16,378,582,64.9,4200,27,4.6,8,60,1.4,7.6,7.9,11.7,262.5,97.5,33,211,82,50,5.4,6.8,7.1,-135.12
28,Atlanta Falcons,16,422,655,64.4,4267,31,4.7,12,88,1.8,6.9,7,10.7,266.7,92.5,34,228,81,64,4.9,6.2,6.3,-95.4
29,Carolina Panthers,16,409,612,66.8,4291,27,4.4,17,70,2.8,7.5,7.1,11.2,268.2,92,47,270,93,77,7.1,6.5,6.2,-61.72
30,Tennessee Titans,16,388,635,61.1,4307,25,3.9,12,76,1.9,7.2,7.2,11.8,269.2,88.3,40,278,95,68,5.9,6.4,6.3,-110.66
31,Green Bay Packers,16,370,571,64.8,4308,32,5.6,17,88,3,8.1,7.8,12.4,269.3,95.9,40,295,88,82,6.5,7.1,6.8,-115.98
32,New Orleans Saints,16,378,582,64.9,4380,27,4.6,9,67,1.5,7.9,8.1,12.2,273.8,98.1,30,213,106,65,4.9,7.2,7.4,-176.45
,Avg Team,,360.2,571.7,63,3863.7,24.6,4.3,13,74.3,2.3,7.2,7,11.4,241.5,89.3,34.9,225.8,90,71.4,5.8,6.37,6.2,-76.6
,League Total,,11526,18295,63,123639,786,4.3,415,2379,2.3,7.2,7,11.4,241.5,89.3,1118,7225,2880,2284,5.8,6.37,6.2,
,Avg Tm/G,,22.5,35.7,63,241.5,1.5,4.3,0.8,4.6,2.3,7.2,7,11.4,241.5,89.3,2.2,14.1,5.6,4.5,5.8,6.37,6.2,
